日期,天气历史,当天气,行动,目标节点,鲁棒价值,名义价值
1,S,晴朗,行走,5,9269.999999999996,9325.361781076066
1,H,高温,行走,5,9190.0,9256.58795749705
2,SS,晴朗,行走,6,9349.999999999996,9372.857142857143
2,SH,高温,行走,6,9269.999999999996,9306.363636363636
2,HS,晴朗,行走,6,9269.999999999998,9292.857142857143
2,HH,高温,行走,6,9190.0,9226.363636363636
3,SSS,晴朗,行走,13,9430.0,9430.0
3,SSH,高温,行走,13,9349.999999999996,9350.0
3,SHS,晴朗,行走,13,9349.999999999998,9350.0
3,SHH,高温,行走,13,9269.999999999996,9270.0
3,HSS,晴朗,行走,13,9350.0,9350.0
3,HSH,高温,行走,13,9269.999999999998,9270.0
3,HHS,晴朗,行走,13,9270.0,9270.0
3,HHH,高温,行走,13,9190.0,9190.0
4,SSSS,晴朗,终止,13,9430.0,9430.0
4,SSSH,高温,终止,13,9430.0,9430.0
4,SSHS,晴朗,终止,13,9350.0,9350.0
4,SSHH,高温,终止,13,9349.999999999996,9350.0
4,SHSS,晴朗,终止,13,9350.0,9350.0
4,SHSH,高温,终止,13,9349.999999999998,9350.0
4,SHHS,晴朗,终止,13,9269.999999999996,9269.999999999998
4,SHHH,高温,终止,13,9269.999999999998,9270.0
4,HSSS,晴朗,终止,13,9350.0,9350.0
4,HSSH,高温,终止,13,9350.0,9350.0
4,HSHS,晴朗,终止,13,9270.0,9270.0
4,HSHH,高温,终止,13,9269.999999999998,9270.0
4,HHSS,晴朗,终止,13,9270.0,9270.0
4,HHSH,高温,终止,13,9270.0,9270.0
4,HHHS,晴朗,终止,13,9190.0,9190.0
4,HHHH,高温,终止,13,9190.0,9190.0
5,SSSSS,晴朗,终止,13,9430.0,9430.0
5,SSSSH,高温,终止,13,9430.0,9430.0
5,SSSHS,晴朗,终止,13,9430.0,9430.0
5,SSSHH,高温,终止,13,9430.0,9430.0
5,SSHSS,晴朗,终止,13,9350.0,9350.0
5,SSHSH,高温,终止,13,9350.0,9350.0
5,SSHHS,晴朗,终止,13,9349.999999999996,9349.999999999998
5,SSHHH,高温,终止,13,9349.999999999998,9350.0
5,SHSSS,晴朗,终止,13,9350.0,9350.0
5,SHSSH,高温,终止,13,9350.0,9350.0
5,SHSHS,晴朗,终止,13,9349.999999999998,9349.999999999998
5,SHSHH,高温,终止,13,9350.0,9350.0
5,SHHSS,晴朗,终止,13,9269.999999999998,9269.999999999998
5,SHHSH,高温,终止,13,9269.999999999996,9269.999999999998
5,SHHHS,晴朗,终止,13,9269.999999999998,9270.0
5,SHHHH,高温,终止,13,9269.999999999998,9270.0
5,HSSSS,晴朗,终止,13,9350.0,9350.0
5,HSSSH,高温,终止,13,9350.0,9350.0
5,HSSHS,晴朗,终止,13,9350.0,9350.0
5,HSSHH,高温,终止,13,9350.0,9350.0
5,HSHSS,晴朗,终止,13,9270.0,9270.0
5,HSHSH,高温,终止,13,9270.0,9270.0
5,HSHHS,晴朗,终止,13,9269.999999999998,9270.0
5,HSHHH,高温,终止,13,9269.999999999998,9270.0
5,HHSSS,晴朗,终止,13,9270.0,9270.0
5,HHSSH,高温,终止,13,9270.0,9270.0
5,HHSHS,晴朗,终止,13,9270.0,9270.0
5,HHSHH,高温,终止,13,9270.0,9270.0
5,HHHSS,晴朗,终止,13,9190.0,9190.0
5,HHHSH,高温,终止,13,9190.0,9190.0
5,HHHHS,晴朗,终止,13,9190.0,9190.0
5,HHHHH,高温,终止,13,9190.0,9190.0
6,SSSSSS,晴朗,终止,13,9430.0,9430.0
6,SSSSSH,高温,终止,13,9430.0,9430.0
6,SSSSHS,晴朗,终止,13,9430.0,9430.0
6,SSSSHH,高温,终止,13,9430.0,9430.0
6,SSSHSS,晴朗,终止,13,9430.0,9430.0
6,SSSHSH,高温,终止,13,9430.0,9430.0
6,SSSHHS,晴朗,终止,13,9430.0,9430.0
6,SSSHHH,高温,终止,13,9430.0,9430.0
6,SSHSSS,晴朗,终止,13,9350.0,9350.0
6,SSHSSH,高温,终止,13,9350.0,9350.0
6,SSHSHS,晴朗,终止,13,9350.0,9350.0
6,SSHSHH,高温,终止,13,9350.0,9350.0
6,SSHHSS,晴朗,终止,13,9350.0,9350.0
6,SSHHSH,高温,终止,13,9349.999999999996,9349.999999999998
6,SSHHHS,晴朗,终止,13,9350.0,9350.0
6,SSHHHH,高温,终止,13,9349.999999999998,9350.0
6,SHSSSS,晴朗,终止,13,9350.0,9350.0
6,SHSSSH,高温,终止,13,9350.0,9350.0
6,SHSSHS,晴朗,终止,13,9350.0,9350.0
6,SHSSHH,高温,终止,13,9350.0,9350.0
6,SHSHSS,晴朗,终止,13,9349.999999999998,9349.999999999996
6,SHSHSH,高温,终止,13,9350.0,9350.0
6,SHSHHS,晴朗,终止,13,9350.0,9350.0
6,SHSHHH,高温,终止,13,9350.0,9350.0
6,SHHSSS,晴朗,终止,13,9269.999999999998,9269.999999999998
6,SHHSSH,高温,终止,13,9269.999999999998,9269.999999999998
6,SHHSHS,晴朗,终止,13,9269.999999999998,9269.999999999998
6,SHHSHH,高温,终止,13,9269.999999999996,9269.999999999998
6,SHHHSS,晴朗,终止,13,9269.999999999998,9270.0
6,SHHHSH,高温,终止,13,9269.999999999998,9270.0
6,SHHHHS,晴朗,终止,13,9269.999999999998,9270.0
6,SHHHHH,高温,终止,13,9269.999999999998,9270.0
6,HSSSSS,晴朗,终止,13,9350.0,9350.0
6,HSSSSH,高温,终止,13,9350.0,9350.0
6,HSSSHS,晴朗,终止,13,9350.0,9350.0
6,HSSSHH,高温,终止,13,9350.0,9350.0
6,HSSHSS,晴朗,终止,13,9350.0,9350.0
6,HSSHSH,高温,终止,13,9350.0,9350.0
6,HSSHHS,晴朗,终止,13,9350.0,9350.0
6,HSSHHH,高温,终止,13,9350.0,9350.0
6,HSHSSS,晴朗,终止,13,9270.0,9270.0
6,HSHSSH,高温,终止,13,9270.0,9270.0
6,HSHSHS,晴朗,终止,13,9270.0,9270.0
6,HSHSHH,高温,终止,13,9270.0,9270.0
6,HSHHSS,晴朗,终止,13,9269.999999999998,9269.999999999998
6,HSHHSH,高温,终止,13,9269.999999999998,9270.0
6,HSHHHS,晴朗,终止,13,9269.999999999998,9270.0
6,HSHHHH,高温,终止,13,9270.0,9270.0
6,HHSSSS,晴朗,终止,13,9270.0,9270.0
6,HHSSSH,高温,终止,13,9270.0,9270.0
6,HHSSHS,晴朗,终止,13,9270.0,9270.0
6,HHSSHH,高温,终止,13,9270.0,9270.0
6,HHSHSS,晴朗,终止,13,9270.0,9270.0
6,HHSHSH,高温,终止,13,9270.0,9270.0
6,HHSHHS,晴朗,终止,13,9270.0,9270.0
6,HHSHHH,高温,终止,13,9270.0,9270.0
6,HHHSSS,晴朗,终止,13,9190.0,9190.0
6,HHHSSH,高温,终止,13,9190.0,9190.0
6,HHHSHS,晴朗,终止,13,9190.0,9190.0
6,HHHSHH,高温,终止,13,9190.0,9190.0
6,HHHHSS,晴朗,终止,13,9190.0,9190.0
6,HHHHSH,高温,终止,13,9190.0,9190.0
6,HHHHHS,晴朗,终止,13,9190.0,9190.0
6,HHHHHH,高温,终止,13,9190.0,9190.0
7,SSSSSSS,晴朗,终止,13,9430.0,9430.0
7,SSSSSSH,高温,终止,13,9430.0,9430.0
7,SSSSSHS,晴朗,终止,13,9430.0,9430.0
7,SSSSSHH,高温,终止,13,9430.0,9430.0
7,SSSSHSS,晴朗,终止,13,9430.0,9430.0
7,SSSSHSH,高温,终止,13,9430.0,9430.0
7,SSSSHHS,晴朗,终止,13,9430.0,9430.0
7,SSSSHHH,高温,终止,13,9430.0,9430.0
7,SSSHSSS,晴朗,终止,13,9430.0,9430.0
7,SSSHSSH,高温,终止,13,9430.0,9430.0
7,SSSHSHS,晴朗,终止,13,9430.0,9430.0
7,SSSHSHH,高温,终止,13,9430.0,9430.0
7,SSSHHSS,晴朗,终止,13,9430.0,9430.0
7,SSSHHSH,高温,终止,13,9430.0,9430.0
7,SSSHHHS,晴朗,终止,13,9430.0,9430.0
7,SSSHHHH,高温,终止,13,9430.0,9430.0
7,SSHSSSS,晴朗,终止,13,9350.0,9350.0
7,SSHSSSH,高温,终止,13,9350.0,9350.0
7,SSHSSHS,晴朗,终止,13,9350.0,9350.0
7,SSHSSHH,高温,终止,13,9350.0,9350.0
7,SSHSHSS,晴朗,终止,13,9350.0,9350.0
7,SSHSHSH,高温,终止,13,9350.0,9350.0
7,SSHSHHS,晴朗,终止,13,9350.0,9350.0
7,SSHSHHH,高温,终止,13,9350.0,9350.0
7,SSHHSSS,晴朗,终止,13,9350.0,9350.0
7,SSHHSSH,高温,终止,13,9350.0,9350.0
7,SSHHSHS,晴朗,终止,13,9350.0,9350.0
7,SSHHSHH,高温,终止,13,9349.999999999996,9349.999999999998
7,SSHHHSS,晴朗,终止,13,9350.0,9350.0
7,SSHHHSH,高温,终止,13,9350.0,9350.0
7,SSHHHHS,晴朗,终止,13,9350.0,9350.0
7,SSHHHHH,高温,终止,13,9349.999999999998,9350.0
7,SHSSSSS,晴朗,终止,13,9350.0,9350.0
7,SHSSSSH,高温,终止,13,9350.0,9350.0
7,SHSSSHS,晴朗,终止,13,9350.0,9350.0
7,SHSSSHH,高温,终止,13,9350.0,9350.0
7,SHSSHSS,晴朗,终止,13,9350.0,9350.0
7,SHSSHSH,高温,终止,13,9350.0,9350.0
7,SHSSHHS,晴朗,终止,13,9350.0,9350.0
7,SHSSHHH,高温,终止,13,9350.0,9350.0
7,SHSHSSS,晴朗,终止,13,9349.999999999998,9349.999999999996
7,SHSHSSH,高温,终止,13,9349.999999999998,9349.999999999996
7,SHSHSHS,晴朗,终止,13,9350.0,9350.0
7,SHSHSHH,高温,终止,13,9350.0,9350.0
7,SHSHHSS,晴朗,终止,13,9350.0,9350.0
7,SHSHHSH,高温,终止,13,9350.0,9350.0
7,SHSHHHS,晴朗,终止,13,9350.0,9350.000000000002
7,SHSHHHH,高温,终止,13,9350.0,9350.0
7,SHHSSSS,晴朗,终止,13,9269.999999999998,9269.999999999998
7,SHHSSSH,高温,终止,13,9269.999999999998,9269.999999999998
7,SHHSSHS,晴朗,终止,13,9269.999999999998,9269.999999999998
7,SHHSSHH,高温,终止,13,9269.999999999998,9269.999999999998
7,SHHSHSS,晴朗,终止,13,9269.999999999998,9269.999999999998
7,SHHSHSH,高温,终止,13,9269.999999999998,9269.999999999998
7,SHHSHHS,晴朗,终止,13,9270.0,9270.0
7,SHHSHHH,高温,终止,13,9269.999999999996,9269.999999999998
7,SHHHSSS,晴朗,终止,13,9269.999999999998,9269.999999999998
7,SHHHSSH,高温,终止,13,9269.999999999998,9270.0
7,SHHHSHS,晴朗,终止,13,9269.999999999998,9269.999999999998
7,SHHHSHH,高温,终止,13,9269.999999999998,9270.0
7,SHHHHSS,晴朗,终止,13,9269.999999999998,9269.999999999998
7,SHHHHSH,高温,终止,13,9270.0,9270.0
7,SHHHHHS,晴朗,终止,13,9269.999999999998,9269.999999999998
7,SHHHHHH,高温,终止,13,9269.999999999998,9270.0
7,HSSSSSS,晴朗,终止,13,9350.0,9350.0
7,HSSSSSH,高温,终止,13,9350.0,9350.0
7,HSSSSHS,晴朗,终止,13,9350.0,9350.0
7,HSSSSHH,高温,终止,13,9350.0,9350.0
7,HSSSHSS,晴朗,终止,13,9350.0,9350.0
7,HSSSHSH,高温,终止,13,9350.0,9350.0
7,HSSSHHS,晴朗,终止,13,9350.0,9350.0
7,HSSSHHH,高温,终止,13,9350.0,9350.0
7,HSSHSSS,晴朗,终止,13,9350.0,9350.0
7,HSSHSSH,高温,终止,13,9350.0,9350.0
7,HSSHSHS,晴朗,终止,13,9350.0,9350.0
7,HSSHSHH,高温,终止,13,9350.0,9350.0
7,HSSHHSS,晴朗,终止,13,9350.0,9350.0
7,HSSHHSH,高温,终止,13,9350.0,9350.0
7,HSSHHHS,晴朗,终止,13,9350.0,9350.0
7,HSSHHHH,高温,终止,13,9350.0,9350.0
7,HSHSSSS,晴朗,终止,13,9270.0,9270.0
7,HSHSSSH,高温,终止,13,9270.0,9270.0
7,HSHSSHS,晴朗,终止,13,9270.0,9270.0
7,HSHSSHH,高温,终止,13,9270.0,9270.0
7,HSHSHSS,晴朗,终止,13,9270.0,9270.0
7,HSHSHSH,高温,终止,13,9270.0,9270.0
7,HSHSHHS,晴朗,终止,13,9270.0,9270.0
7,HSHSHHH,高温,终止,13,9270.0,9270.0
7,HSHHSSS,晴朗,终止,13,9269.999999999998,9269.999999999998
7,HSHHSSH,高温,终止,13,9269.999999999998,9269.999999999998
7,HSHHSHS,晴朗,终止,13,9269.999999999998,9269.999999999998
7,HSHHSHH,高温,终止,13,9269.999999999998,9270.0
7,HSHHHSS,晴朗,终止,13,9269.999999999998,9269.999999999998
7,HSHHHSH,高温,终止,13,9270.0,9270.0
7,HSHHHHS,晴朗,终止,13,9270.0,9270.0
7,HSHHHHH,高温,终止,13,9270.0,9270.0
7,HHSSSSS,晴朗,终止,13,9270.0,9270.0
7,HHSSSSH,高温,终止,13,9270.0,9270.0
7,HHSSSHS,晴朗,终止,13,9270.0,9270.0
7,HHSSSHH,高温,终止,13,9270.0,9270.0
7,HHSSHSS,晴朗,终止,13,9270.0,9270.0
7,HHSSHSH,高温,终止,13,9270.0,9270.0
7,HHSSHHS,晴朗,终止,13,9270.0,9270.0
7,HHSSHHH,高温,终止,13,9270.0,9270.0
7,HHSHSSS,晴朗,终止,13,9270.0,9270.0
7,HHSHSSH,高温,终止,13,9270.0,9270.0
7,HHSHSHS,晴朗,终止,13,9270.0,9270.0
7,HHSHSHH,高温,终止,13,9270.0,9270.0
7,HHSHHSS,晴朗,终止,13,9270.0,9270.0
7,HHSHHSH,高温,终止,13,9270.0,9270.0
7,HHSHHHS,晴朗,终止,13,9270.0,9270.0
7,HHSHHHH,高温,终止,13,9270.0,9270.0
7,HHHSSSS,晴朗,终止,13,9190.0,9190.0
7,HHHSSSH,高温,终止,13,9190.0,9190.0
7,HHHSSHS,晴朗,终止,13,9190.0,9190.0
7,HHHSSHH,高温,终止,13,9190.0,9190.0
7,HHHSHSS,晴朗,终止,13,9190.0,9190.0
7,HHHSHSH,高温,终止,13,9190.0,9190.0
7,HHHSHHS,晴朗,终止,13,9190.0,9190.0
7,HHHSHHH,高温,终止,13,9190.0,9190.0
7,HHHHSSS,晴朗,终止,13,9190.0,9190.0
7,HHHHSSH,高温,终止,13,9190.0,9190.0
7,HHHHSHS,晴朗,终止,13,9190.0,9190.0
7,HHHHSHH,高温,终止,13,9190.0,9190.0
7,HHHHHSS,晴朗,终止,13,9190.0,9190.0
7,HHHHHSH,高温,终止,13,9190.0,9190.0
7,HHHHHHS,晴朗,终止,13,9190.0,9190.0
7,HHHHHHH,高温,终止,13,9190.0,9190.0
8,SSSSSSSS,晴朗,终止,13,9430.0,9430.0
8,SSSSSSSH,高温,终止,13,9430.0,9430.0
8,SSSSSSHS,晴朗,终止,13,9430.0,9430.0
8,SSSSSSHH,高温,终止,13,9430.0,9430.0
8,SSSSSHSS,晴朗,终止,13,9430.0,9430.0
8,SSSSSHSH,高温,终止,13,9430.0,9430.0
8,SSSSSHHS,晴朗,终止,13,9430.0,9430.0
8,SSSSSHHH,高温,终止,13,9430.0,9430.0
8,SSSSHSSS,晴朗,终止,13,9430.0,9430.0
8,SSSSHSSH,高温,终止,13,9430.0,9430.0
8,SSSSHSHS,晴朗,终止,13,9430.0,9430.0
8,SSSSHSHH,高温,终止,13,9430.0,9430.0
8,SSSSHHSS,晴朗,终止,13,9430.0,9430.0
8,SSSSHHSH,高温,终止,13,9430.0,9430.0
8,SSSSHHHS,晴朗,终止,13,9430.0,9430.0
8,SSSSHHHH,高温,终止,13,9430.0,9430.0
8,SSSHSSSS,晴朗,终止,13,9430.0,9430.0
8,SSSHSSSH,高温,终止,13,9430.0,9430.0
8,SSSHSSHS,晴朗,终止,13,9430.0,9430.0
8,SSSHSSHH,高温,终止,13,9430.0,9430.0
8,SSSHSHSS,晴朗,终止,13,9430.0,9430.0
8,SSSHSHSH,高温,终止,13,9430.0,9430.0
8,SSSHSHHS,晴朗,终止,13,9430.0,9430.0
8,SSSHSHHH,高温,终止,13,9430.0,9430.0
8,SSSHHSSS,晴朗,终止,13,9430.0,9430.0
8,SSSHHSSH,高温,终止,13,9430.0,9430.0
8,SSSHHSHS,晴朗,终止,13,9430.0,9430.0
8,SSSHHSHH,高温,终止,13,9430.0,9430.0
8,SSSHHHSS,晴朗,终止,13,9430.0,9430.0
8,SSSHHHSH,高温,终止,13,9430.0,9430.0
8,SSSHHHHS,晴朗,终止,13,9430.0,9430.0
8,SSSHHHHH,高温,终止,13,9430.0,9430.0
8,SSHSSSSS,晴朗,终止,13,9350.0,9350.0
8,SSHSSSSH,高温,终止,13,9350.0,9350.0
8,SSHSSSHS,晴朗,终止,13,9350.0,9350.0
8,SSHSSSHH,高温,终止,13,9350.0,9350.0
8,SSHSSHSS,晴朗,终止,13,9350.0,9350.0
8,SSHSSHSH,高温,终止,13,9350.0,9350.0
8,SSHSSHHS,晴朗,终止,13,9350.0,9350.0
8,SSHSSHHH,高温,终止,13,9350.0,9350.0
8,SSHSHSSS,晴朗,终止,13,9350.0,9350.0
8,SSHSHSSH,高温,终止,13,9350.0,9350.0
8,SSHSHSHS,晴朗,终止,13,9350.0,9350.0
8,SSHSHSHH,高温,终止,13,9350.0,9350.0
8,SSHSHHSS,晴朗,终止,13,9350.0,9350.0
8,SSHSHHSH,高温,终止,13,9350.0,9350.0
8,SSHSHHHS,晴朗,终止,13,9350.0,9350.0
8,SSHSHHHH,高温,终止,13,9350.0,9350.0
8,SSHHSSSS,晴朗,终止,13,9350.0,9350.0
8,SSHHSSSH,高温,终止,13,9350.0,9350.0
8,SSHHSSHS,晴朗,终止,13,9350.0,9350.0
8,SSHHSSHH,高温,终止,13,9350.0,9350.0
8,SSHHSHSS,晴朗,终止,13,9350.0,9350.0
8,SSHHSHSH,高温,终止,13,9350.0,9350.0
8,SSHHSHHS,晴朗,终止,13,9350.0,9350.0
8,SSHHSHHH,高温,终止,13,9349.999999999996,9349.999999999998
8,SSHHHSSS,晴朗,终止,13,9350.0,9350.0
8,SSHHHSSH,高温,终止,13,9350.0,9350.0
8,SSHHHSHS,晴朗,终止,13,9350.0,9350.0
8,SSHHHSHH,高温,终止,13,9350.0,9350.0
8,SSHHHHSS,晴朗,终止,13,9350.0,9350.0
8,SSHHHHSH,高温,终止,13,9350.0,9350.0
8,SSHHHHHS,晴朗,终止,13,9350.0,9350.0
8,SSHHHHHH,高温,终止,13,9349.999999999998,9350.0
8,SHSSSSSS,晴朗,终止,13,9350.0,9350.0
8,SHSSSSSH,高温,终止,13,9350.0,9350.0
8,SHSSSSHS,晴朗,终止,13,9350.0,9350.0
8,SHSSSSHH,高温,终止,13,9350.0,9350.0
8,SHSSSHSS,晴朗,终止,13,9350.0,9350.0
8,SHSSSHSH,高温,终止,13,9350.0,9350.0
8,SHSSSHHS,晴朗,终止,13,9350.0,9350.0
8,SHSSSHHH,高温,终止,13,9350.0,9350.0
8,SHSSHSSS,晴朗,终止,13,9350.0,9350.0
8,SHSSHSSH,高温,终止,13,9350.0,9350.0
8,SHSSHSHS,晴朗,终止,13,9350.0,9350.0
8,SHSSHSHH,高温,终止,13,9350.0,9350.0
8,SHSSHHSS,晴朗,终止,13,9350.0,9350.0
8,SHSSHHSH,高温,终止,13,9350.0,9350.0
8,SHSSHHHS,晴朗,终止,13,9350.0,9350.0
8,SHSSHHHH,高温,终止,13,9350.0,9350.0
8,SHSHSSSS,晴朗,终止,13,9349.999999999998,9349.999999999996
8,SHSHSSSH,高温,终止,13,9349.999999999998,9349.999999999996
8,SHSHSSHS,晴朗,终止,13,9349.999999999998,9349.999999999996
8,SHSHSSHH,高温,终止,13,9349.999999999998,9349.999999999996
8,SHSHSHSS,晴朗,终止,13,9350.0,9350.0
8,SHSHSHSH,高温,终止,13,9350.0,9350.0
8,SHSHSHHS,晴朗,终止,13,9350.0,9350.0
8,SHSHSHHH,高温,终止,13,9350.0,9350.0
8,SHSHHSSS,晴朗,终止,13,9350.0,9350.0
8,SHSHHSSH,高温,终止,13,9350.0,9350.0
8,SHSHHSHS,晴朗,终止,13,9350.0,9350.0
8,SHSHHSHH,高温,终止,13,9350.0,9350.0
8,SHSHHHSS,晴朗,终止,13,9350.0,9350.0
8,SHSHHHSH,高温,终止,13,9350.000000000002,9350.000000000002
8,SHSHHHHS,晴朗,终止,13,9350.0,9350.0
8,SHSHHHHH,高温,终止,13,9350.000000000002,9350.000000000002
8,SHHSSSSS,晴朗,终止,13,9269.999999999998,9269.999999999998
8,SHHSSSSH,高温,终止,13,9269.999999999998,9269.999999999998
8,SHHSSSHS,晴朗,终止,13,9269.999999999998,9269.999999999998
8,SHHSSSHH,高温,终止,13,9269.999999999998,9269.999999999998
8,SHHSSHSS,晴朗,终止,13,9269.999999999998,9269.999999999998
8,SHHSSHSH,高温,终止,13,9269.999999999998,9269.999999999998
8,SHHSSHHS,晴朗,终止,13,9269.999999999998,9269.999999999998
8,SHHSSHHH,高温,终止,13,9269.999999999998,9269.999999999998
8,SHHSHSSS,晴朗,终止,13,9269.999999999998,9269.999999999998
8,SHHSHSSH,高温,终止,13,9269.999999999998,9269.999999999998
8,SHHSHSHS,晴朗,终止,13,9269.999999999998,9269.999999999998
8,SHHSHSHH,高温,终止,13,9269.999999999998,9269.999999999998
8,SHHSHHSS,晴朗,终止,13,9270.0,9270.0
8,SHHSHHSH,高温,终止,13,9270.0,9270.0
8,SHHSHHHS,晴朗,终止,13,9269.999999999998,9269.999999999998
8,SHHSHHHH,高温,终止,13,9269.999999999996,9269.999999999998
8,SHHHSSSS,晴朗,终止,13,9269.999999999998,9269.999999999998
8,SHHHSSSH,高温,终止,13,9269.999999999998,9269.999999999998
8,SHHHSSHS,晴朗,终止,13,9269.999999999998,9269.999999999998
8,SHHHSSHH,高温,终止,13,9269.999999999998,9270.0
8,SHHHSHSS,晴朗,终止,13,9269.999999999998,9269.999999999998
8,SHHHSHSH,高温,终止,13,9269.999999999998,9269.999999999998
8,SHHHSHHS,晴朗,终止,13,9269.999999999998,9269.999999999998
8,SHHHSHHH,高温,终止,13,9270.0,9270.0
8,SHHHHSSS,晴朗,终止,13,9269.999999999998,9269.999999999998
8,SHHHHSSH,高温,终止,13,9269.999999999998,9269.999999999998
8,SHHHHSHS,晴朗,终止,13,9270.0,9270.0
8,SHHHHSHH,高温,终止,13,9270.0,9270.0
8,SHHHHHSS,晴朗,终止,13,9269.999999999998,9269.999999999998
8,SHHHHHSH,高温,终止,13,9269.999999999998,9269.999999999998
8,SHHHHHHS,晴朗,终止,13,9269.999999999998,9269.999999999998
8,SHHHHHHH,高温,终止,13,9270.0,9270.0
8,HSSSSSSS,晴朗,终止,13,9350.0,9350.0
8,HSSSSSSH,高温,终止,13,9350.0,9350.0
8,HSSSSSHS,晴朗,终止,13,9350.0,9350.0
8,HSSSSSHH,高温,终止,13,9350.0,9350.0
8,HSSSSHSS,晴朗,终止,13,9350.0,9350.0
8,HSSSSHSH,高温,终止,13,9350.0,9350.0
8,HSSSSHHS,晴朗,终止,13,9350.0,9350.0
8,HSSSSHHH,高温,终止,13,9350.0,9350.0
8,HSSSHSSS,晴朗,终止,13,9350.0,9350.0
8,HSSSHSSH,高温,终止,13,9350.0,9350.0
8,HSSSHSHS,晴朗,终止,13,9350.0,9350.0
8,HSSSHSHH,高温,终止,13,9350.0,9350.0
8,HSSSHHSS,晴朗,终止,13,9350.0,9350.0
8,HSSSHHSH,高温,终止,13,9350.0,9350.0
8,HSSSHHHS,晴朗,终止,13,9350.0,9350.0
8,HSSSHHHH,高温,终止,13,9350.0,9350.0
8,HSSHSSSS,晴朗,终止,13,9350.0,9350.0
8,HSSHSSSH,高温,终止,13,9350.0,9350.0
8,HSSHSSHS,晴朗,终止,13,9350.0,9350.0
8,HSSHSSHH,高温,终止,13,9350.0,9350.0
8,HSSHSHSS,晴朗,终止,13,9350.0,9350.0
8,HSSHSHSH,高温,终止,13,9350.0,9350.0
8,HSSHSHHS,晴朗,终止,13,9350.0,9350.0
8,HSSHSHHH,高温,终止,13,9350.0,9350.0
8,HSSHHSSS,晴朗,终止,13,9350.0,9350.0
8,HSSHHSSH,高温,终止,13,9350.0,9350.0
8,HSSHHSHS,晴朗,终止,13,9350.0,9350.0
8,HSSHHSHH,高温,终止,13,9350.0,9350.0
8,HSSHHHSS,晴朗,终止,13,9350.0,9350.0
8,HSSHHHSH,高温,终止,13,9350.0,9350.0
8,HSSHHHHS,晴朗,终止,13,9350.0,9350.0
8,HSSHHHHH,高温,终止,13,9350.0,9350.0
8,HSHSSSSS,晴朗,终止,13,9270.0,9270.0
8,HSHSSSSH,高温,终止,13,9270.0,9270.0
8,HSHSSSHS,晴朗,终止,13,9270.0,9270.0
8,HSHSSSHH,高温,终止,13,9270.0,9270.0
8,HSHSSHSS,晴朗,终止,13,9270.0,9270.0
8,HSHSSHSH,高温,终止,13,9270.0,9270.0
8,HSHSSHHS,晴朗,终止,13,9270.0,9270.0
8,HSHSSHHH,高温,终止,13,9270.0,9270.0
8,HSHSHSSS,晴朗,终止,13,9270.0,9270.0
8,HSHSHSSH,高温,终止,13,9270.0,9270.0
8,HSHSHSHS,晴朗,终止,13,9270.0,9270.0
8,HSHSHSHH,高温,终止,13,9270.0,9270.0
8,HSHSHHSS,晴朗,终止,13,9270.0,9270.0
8,HSHSHHSH,高温,终止,13,9270.0,9270.0
8,HSHSHHHS,晴朗,终止,13,9270.0,9270.0
8,HSHSHHHH,高温,终止,13,9270.0,9270.0
8,HSHHSSSS,晴朗,终止,13,9269.999999999998,9269.999999999998
8,HSHHSSSH,高温,终止,13,9269.999999999998,9269.999999999998
8,HSHHSSHS,晴朗,终止,13,9269.999999999998,9269.999999999998
8,HSHHSSHH,高温,终止,13,9269.999999999998,9269.999999999998
8,HSHHSHSS,晴朗,终止,13,9269.999999999998,9269.999999999998
8,HSHHSHSH,高温,终止,13,9269.999999999998,9269.999999999998
8,HSHHSHHS,晴朗,终止,13,9269.999999999998,9269.999999999998
8,HSHHSHHH,高温,终止,13,9269.999999999998,9270.0
8,HSHHHSSS,晴朗,终止,13,9269.999999999998,9269.999999999998
8,HSHHHSSH,高温,终止,13,9269.999999999998,9269.999999999998
8,HSHHHSHS,晴朗,终止,13,9270.0,9270.0
8,HSHHHSHH,高温,终止,13,9270.0,9270.0
8,HSHHHHSS,晴朗,终止,13,9270.0,9270.0
8,HSHHHHSH,高温,终止,13,9270.0,9270.0
8,HSHHHHHS,晴朗,终止,13,9270.0,9270.0
8,HSHHHHHH,高温,终止,13,9270.0,9270.0
8,HHSSSSSS,晴朗,终止,13,9270.0,9270.0
8,HHSSSSSH,高温,终止,13,9270.0,9270.0
8,HHSSSSHS,晴朗,终止,13,9270.0,9270.0
8,HHSSSSHH,高温,终止,13,9270.0,9270.0
8,HHSSSHSS,晴朗,终止,13,9270.0,9270.0
8,HHSSSHSH,高温,终止,13,9270.0,9270.0
8,HHSSSHHS,晴朗,终止,13,9270.0,9270.0
8,HHSSSHHH,高温,终止,13,9270.0,9270.0
8,HHSSHSSS,晴朗,终止,13,9270.0,9270.0
8,HHSSHSSH,高温,终止,13,9270.0,9270.0
8,HHSSHSHS,晴朗,终止,13,9270.0,9270.0
8,HHSSHSHH,高温,终止,13,9270.0,9270.0
8,HHSSHHSS,晴朗,终止,13,9270.0,9270.0
8,HHSSHHSH,高温,终止,13,9270.0,9270.0
8,HHSSHHHS,晴朗,终止,13,9270.0,9270.0
8,HHSSHHHH,高温,终止,13,9270.0,9270.0
8,HHSHSSSS,晴朗,终止,13,9270.0,9270.0
8,HHSHSSSH,高温,终止,13,9270.0,9270.0
8,HHSHSSHS,晴朗,终止,13,9270.0,9270.0
8,HHSHSSHH,高温,终止,13,9270.0,9270.0
8,HHSHSHSS,晴朗,终止,13,9270.0,9270.0
8,HHSHSHSH,高温,终止,13,9270.0,9270.0
8,HHSHSHHS,晴朗,终止,13,9270.0,9270.0
8,HHSHSHHH,高温,终止,13,9270.0,9270.0
8,HHSHHSSS,晴朗,终止,13,9270.0,9270.0
8,HHSHHSSH,高温,终止,13,9270.0,9270.0
8,HHSHHSHS,晴朗,终止,13,9270.0,9270.0
8,HHSHHSHH,高温,终止,13,9270.0,9270.0
8,HHSHHHSS,晴朗,终止,13,9270.0,9270.0
8,HHSHHHSH,高温,终止,13,9270.0,9270.0
8,HHSHHHHS,晴朗,终止,13,9270.0,9270.0
8,HHSHHHHH,高温,终止,13,9270.0,9270.0
8,HHHSSSSS,晴朗,终止,13,9190.0,9190.0
8,HHHSSSSH,高温,终止,13,9190.0,9190.0
8,HHHSSSHS,晴朗,终止,13,9190.0,9190.0
8,HHHSSSHH,高温,终止,13,9190.0,9190.0
8,HHHSSHSS,晴朗,终止,13,9190.0,9190.0
8,HHHSSHSH,高温,终止,13,9190.0,9190.0
8,HHHSSHHS,晴朗,终止,13,9190.0,9190.0
8,HHHSSHHH,高温,终止,13,9190.0,9190.0
8,HHHSHSSS,晴朗,终止,13,9190.0,9190.0
8,HHHSHSSH,高温,终止,13,9190.0,9190.0
8,HHHSHSHS,晴朗,终止,13,9190.0,9190.0
8,HHHSHSHH,高温,终止,13,9190.0,9190.0
8,HHHSHHSS,晴朗,终止,13,9190.0,9190.0
8,HHHSHHSH,高温,终止,13,9190.0,9190.0
8,HHHSHHHS,晴朗,终止,13,9190.0,9190.0
8,HHHSHHHH,高温,终止,13,9190.0,9190.0
8,HHHHSSSS,晴朗,终止,13,9190.0,9190.0
8,HHHHSSSH,高温,终止,13,9190.0,9190.0
8,HHHHSSHS,晴朗,终止,13,9190.0,9190.0
8,HHHHSSHH,高温,终止,13,9190.0,9190.0
8,HHHHSHSS,晴朗,终止,13,9190.0,9190.0
8,HHHHSHSH,高温,终止,13,9190.0,9190.0
8,HHHHSHHS,晴朗,终止,13,9190.0,9190.0
8,HHHHSHHH,高温,终止,13,9190.0,9190.0
8,HHHHHSSS,晴朗,终止,13,9190.0,9190.0
8,HHHHHSSH,高温,终止,13,9190.0,9190.0
8,HHHHHSHS,晴朗,终止,13,9190.0,9190.0
8,HHHHHSHH,高温,终止,13,9190.0,9190.0
8,HHHHHHSS,晴朗,终止,13,9190.0,9190.0
8,HHHHHHSH,高温,终止,13,9190.0,9190.0
8,HHHHHHHS,晴朗,终止,13,9190.0,9190.0
8,HHHHHHHH,高温,终止,13,9190.0,9190.0
9,SSSSSSSSS,晴朗,终止,13,9430.0,9430.0
9,SSSSSSSSH,高温,终止,13,9430.0,9430.0
9,SSSSSSSHS,晴朗,终止,13,9430.0,9430.0
9,SSSSSSSHH,高温,终止,13,9430.0,9430.0
9,SSSSSSHSS,晴朗,终止,13,9430.0,9430.0
9,SSSSSSHSH,高温,终止,13,9430.0,9430.0
9,SSSSSSHHS,晴朗,终止,13,9430.0,9430.0
9,SSSSSSHHH,高温,终止,13,9430.0,9430.0
9,SSSSSHSSS,晴朗,终止,13,9430.0,9430.0
9,SSSSSHSSH,高温,终止,13,9430.0,9430.0
9,SSSSSHSHS,晴朗,终止,13,9430.0,9430.0
9,SSSSSHSHH,高温,终止,13,9430.0,9430.0
9,SSSSSHHSS,晴朗,终止,13,9430.0,9430.0
9,SSSSSHHSH,高温,终止,13,9430.0,9430.0
9,SSSSSHHHS,晴朗,终止,13,9430.0,9430.0
9,SSSSSHHHH,高温,终止,13,9430.0,9430.0
9,SSSSHSSSS,晴朗,终止,13,9430.0,9430.0
9,SSSSHSSSH,高温,终止,13,9430.0,9430.0
9,SSSSHSSHS,晴朗,终止,13,9430.0,9430.0
9,SSSSHSSHH,高温,终止,13,9430.0,9430.0
9,SSSSHSHSS,晴朗,终止,13,9430.0,9430.0
9,SSSSHSHSH,高温,终止,13,9430.0,9430.0
9,SSSSHSHHS,晴朗,终止,13,9430.0,9430.0
9,SSSSHSHHH,高温,终止,13,9430.0,9430.0
9,SSSSHHSSS,晴朗,终止,13,9430.0,9430.0
9,SSSSHHSSH,高温,终止,13,9430.0,9430.0
9,SSSSHHSHS,晴朗,终止,13,9430.0,9430.0
9,SSSSHHSHH,高温,终止,13,9430.0,9430.0
9,SSSSHHHSS,晴朗,终止,13,9430.0,9430.0
9,SSSSHHHSH,高温,终止,13,9430.0,9430.0
9,SSSSHHHHS,晴朗,终止,13,9430.0,9430.0
9,SSSSHHHHH,高温,终止,13,9430.0,9430.0
9,SSSHSSSSS,晴朗,终止,13,9430.0,9430.0
9,SSSHSSSSH,高温,终止,13,9430.0,9430.0
9,SSSHSSSHS,晴朗,终止,13,9430.0,9430.0
9,SSSHSSSHH,高温,终止,13,9430.0,9430.0
9,SSSHSSHSS,晴朗,终止,13,9430.0,9430.0
9,SSSHSSHSH,高温,终止,13,9430.0,9430.0
9,SSSHSSHHS,晴朗,终止,13,9430.0,9430.0
9,SSSHSSHHH,高温,终止,13,9430.0,9430.0
9,SSSHSHSSS,晴朗,终止,13,9430.0,9430.0
9,SSSHSHSSH,高温,终止,13,9430.0,9430.0
9,SSSHSHSHS,晴朗,终止,13,9430.0,9430.0
9,SSSHSHSHH,高温,终止,13,9430.0,9430.0
9,SSSHSHHSS,晴朗,终止,13,9430.0,9430.0
9,SSSHSHHSH,高温,终止,13,9430.0,9430.0
9,SSSHSHHHS,晴朗,终止,13,9430.0,9430.0
9,SSSHSHHHH,高温,终止,13,9430.0,9430.0
9,SSSHHSSSS,晴朗,终止,13,9430.0,9430.0
9,SSSHHSSSH,高温,终止,13,9430.0,9430.0
9,SSSHHSSHS,晴朗,终止,13,9430.0,9430.0
9,SSSHHSSHH,高温,终止,13,9430.0,9430.0
9,SSSHHSHSS,晴朗,终止,13,9430.0,9430.0
9,SSSHHSHSH,高温,终止,13,9430.0,9430.0
9,SSSHHSHHS,晴朗,终止,13,9430.0,9430.0
9,SSSHHSHHH,高温,终止,13,9430.0,9430.0
9,SSSHHHSSS,晴朗,终止,13,9430.0,9430.0
9,SSSHHHSSH,高温,终止,13,9430.0,9430.0
9,SSSHHHSHS,晴朗,终止,13,9430.0,9430.0
9,SSSHHHSHH,高温,终止,13,9430.0,9430.0
9,SSSHHHHSS,晴朗,终止,13,9430.0,9430.0
9,SSSHHHHSH,高温,终止,13,9430.0,9430.0
9,SSSHHHHHS,晴朗,终止,13,9430.0,9430.0
9,SSSHHHHHH,高温,终止,13,9430.0,9430.0
9,SSHSSSSSS,晴朗,终止,13,9350.0,9350.0
9,SSHSSSSSH,高温,终止,13,9350.0,9350.0
9,SSHSSSSHS,晴朗,终止,13,9350.0,9350.0
9,SSHSSSSHH,高温,终止,13,9350.0,9350.0
9,SSHSSSHSS,晴朗,终止,13,9350.0,9350.0
9,SSHSSSHSH,高温,终止,13,9350.0,9350.0
9,SSHSSSHHS,晴朗,终止,13,9350.0,9350.0
9,SSHSSSHHH,高温,终止,13,9350.0,9350.0
9,SSHSSHSSS,晴朗,终止,13,9350.0,9350.0
9,SSHSSHSSH,高温,终止,13,9350.0,9350.0
9,SSHSSHSHS,晴朗,终止,13,9350.0,9350.0
9,SSHSSHSHH,高温,终止,13,9350.0,9350.0
9,SSHSSHHSS,晴朗,终止,13,9350.0,9350.0
9,SSHSSHHSH,高温,终止,13,9350.0,9350.0
9,SSHSSHHHS,晴朗,终止,13,9350.0,9350.0
9,SSHSSHHHH,高温,终止,13,9350.0,9350.0
9,SSHSHSSSS,晴朗,终止,13,9350.0,9350.0
9,SSHSHSSSH,高温,终止,13,9350.0,9350.0
9,SSHSHSSHS,晴朗,终止,13,9350.0,9350.0
9,SSHSHSSHH,高温,终止,13,9350.0,9350.0
9,SSHSHSHSS,晴朗,终止,13,9350.0,9350.0
9,SSHSHSHSH,高温,终止,13,9350.0,9350.0
9,SSHSHSHHS,晴朗,终止,13,9350.0,9350.0
9,SSHSHSHHH,高温,终止,13,9350.0,9350.0
9,SSHSHHSSS,晴朗,终止,13,9350.0,9350.0
9,SSHSHHSSH,高温,终止,13,9350.0,9350.0
9,SSHSHHSHS,晴朗,终止,13,9350.0,9350.0
9,SSHSHHSHH,高温,终止,13,9350.0,9350.0
9,SSHSHHHSS,晴朗,终止,13,9350.0,9350.0
9,SSHSHHHSH,高温,终止,13,9350.0,9350.0
9,SSHSHHHHS,晴朗,终止,13,9350.0,9350.0
9,SSHSHHHHH,高温,终止,13,9350.000000000002,9350.000000000002
9,SSHHSSSSS,晴朗,终止,13,9350.0,9350.0
9,SSHHSSSSH,高温,终止,13,9350.0,9350.0
9,SSHHSSSHS,晴朗,终止,13,9350.0,9350.0
9,SSHHSSSHH,高温,终止,13,9350.0,9350.0
9,SSHHSSHSS,晴朗,终止,13,9350.0,9350.0
9,SSHHSSHSH,高温,终止,13,9350.0,9350.0
9,SSHHSSHHS,晴朗,终止,13,9350.0,9350.0
9,SSHHSSHHH,高温,终止,13,9350.0,9350.0
9,SSHHSHSSS,晴朗,终止,13,9350.0,9350.0
9,SSHHSHSSH,高温,终止,13,9350.0,9350.0
9,SSHHSHSHS,晴朗,终止,13,9350.0,9350.0
9,SSHHSHSHH,高温,终止,13,9350.0,9350.0
9,SSHHSHHSS,晴朗,终止,13,9350.0,9350.0
9,SSHHSHHSH,高温,终止,13,9350.0,9350.0
9,SSHHSHHHS,晴朗,终止,13,9349.999999999996,9349.999999999996
9,SSHHSHHHH,高温,终止,13,9349.999999999998,9350.0
9,SSHHHSSSS,晴朗,终止,13,9350.0,9350.0
9,SSHHHSSSH,高温,终止,13,9350.0,9350.0
9,SSHHHSSHS,晴朗,终止,13,9350.0,9350.0
9,SSHHHSSHH,高温,终止,13,9350.0,9350.0
9,SSHHHSHSS,晴朗,终止,13,9350.0,9350.0
9,SSHHHSHSH,高温,终止,13,9350.0,9350.0
9,SSHHHSHHS,晴朗,终止,13,9350.0,9350.0
9,SSHHHSHHH,高温,终止,13,9350.000000000002,9350.000000000002
9,SSHHHHSSS,晴朗,终止,13,9350.0,9350.0
9,SSHHHHSSH,高温,终止,13,9350.0,9350.0
9,SSHHHHSHS,晴朗,终止,13,9350.0,9350.0
9,SSHHHHSHH,高温,终止,13,9350.0,9350.0
9,SSHHHHHSS,晴朗,终止,13,9350.0,9350.0
9,SSHHHHHSH,高温,终止,13,9350.0,9350.0
9,SSHHHHHHS,晴朗,终止,13,9349.999999999998,9349.999999999998
9,SSHHHHHHH,高温,终止,13,9349.999999999998,9350.0
9,SHSSSSSSS,晴朗,终止,13,9350.0,9350.0
9,SHSSSSSSH,高温,终止,13,9350.0,9350.0
9,SHSSSSSHS,晴朗,终止,13,9350.0,9350.0
9,SHSSSSSHH,高温,终止,13,9350.0,9350.0
9,SHSSSSHSS,晴朗,终止,13,9350.0,9350.0
9,SHSSSSHSH,高温,终止,13,9350.0,9350.0
9,SHSSSSHHS,晴朗,终止,13,9350.0,9350.0
9,SHSSSSHHH,高温,终止,13,9350.0,9350.0
9,SHSSSHSSS,晴朗,终止,13,9350.0,9350.0
9,SHSSSHSSH,高温,终止,13,9350.0,9350.0
9,SHSSSHSHS,晴朗,终止,13,9350.0,9350.0
9,SHSSSHSHH,高温,终止,13,9350.0,9350.0
9,SHSSSHHSS,晴朗,终止,13,9350.0,9350.0
9,SHSSSHHSH,高温,终止,13,9350.0,9350.0
9,SHSSSHHHS,晴朗,终止,13,9350.0,9350.0
9,SHSSSHHHH,高温,终止,13,9350.0,9350.0
9,SHSSHSSSS,晴朗,终止,13,9350.0,9350.0
9,SHSSHSSSH,高温,终止,13,9350.0,9350.0
9,SHSSHSSHS,晴朗,终止,13,9350.0,9350.0
9,SHSSHSSHH,高温,终止,13,9350.0,9350.0
9,SHSSHSHSS,晴朗,终止,13,9350.0,9350.0
9,SHSSHSHSH,高温,终止,13,9350.0,9350.0
9,SHSSHSHHS,晴朗,终止,13,9350.0,9350.0
9,SHSSHSHHH,高温,终止,13,9350.0,9350.0
9,SHSSHHSSS,晴朗,终止,13,9350.0,9350.0
9,SHSSHHSSH,高温,终止,13,9350.0,9350.0
9,SHSSHHSHS,晴朗,终止,13,9350.0,9350.0
9,SHSSHHSHH,高温,终止,13,9350.0,9350.0
9,SHSSHHHSS,晴朗,终止,13,9350.0,9350.0
9,SHSSHHHSH,高温,终止,13,9350.0,9350.0
9,SHSSHHHHS,晴朗,终止,13,9350.0,9350.0
9,SHSSHHHHH,高温,终止,13,9350.0,9350.0
9,SHSHSSSSS,晴朗,终止,13,9349.999999999998,9349.999999999998
9,SHSHSSSSH,高温,终止,13,9349.999999999998,9349.999999999996
9,SHSHSSSHS,晴朗,终止,13,9349.999999999998,9349.999999999998
9,SHSHSSSHH,高温,终止,13,9349.999999999998,9349.999999999996
9,SHSHSSHSS,晴朗,终止,13,9349.999999999998,9349.999999999998
9,SHSHSSHSH,高温,终止,13,9349.999999999998,9349.999999999996
9,SHSHSSHHS,晴朗,终止,13,9349.999999999998,9349.999999999998
9,SHSHSSHHH,高温,终止,13,9349.999999999998,9349.999999999996
9,SHSHSHSSS,晴朗,终止,13,9350.0,9350.0
9,SHSHSHSSH,高温,终止,13,9350.0,9350.0
9,SHSHSHSHS,晴朗,终止,13,9350.0,9350.0
9,SHSHSHSHH,高温,终止,13,9350.0,9350.0
9,SHSHSHHSS,晴朗,终止,13,9350.0,9350.0
9,SHSHSHHSH,高温,终止,13,9350.0,9350.0
9,SHSHSHHHS,晴朗,终止,13,9350.0,9350.0
9,SHSHSHHHH,高温,终止,13,9350.0,9350.0
9,SHSHHSSSS,晴朗,终止,13,9350.0,9350.0
9,SHSHHSSSH,高温,终止,13,9350.0,9350.0
9,SHSHHSSHS,晴朗,终止,13,9350.0,9350.0
9,SHSHHSSHH,高温,终止,13,9350.0,9350.0
9,SHSHHSHSS,晴朗,终止,13,9350.0,9350.0
9,SHSHHSHSH,高温,终止,13,9350.0,9350.0
9,SHSHHSHHS,晴朗,终止,13,9350.0,9350.0
9,SHSHHSHHH,高温,终止,13,9350.0,9350.0
9,SHSHHHSSS,晴朗,终止,13,9350.0,9350.0
9,SHSHHHSSH,高温,终止,13,9350.0,9350.0
9,SHSHHHSHS,晴朗,终止,13,9350.000000000002,9350.000000000002
9,SHSHHHSHH,高温,终止,13,9350.000000000002,9350.000000000002
9,SHSHHHHSS,晴朗,终止,13,9350.0,9350.0
9,SHSHHHHSH,高温,终止,13,9350.0,9350.0
9,SHSHHHHHS,晴朗,终止,13,9350.000000000002,9350.000000000002
9,SHSHHHHHH,高温,终止,13,9350.000000000002,9350.000000000002
9,SHHSSSSSS,晴朗,终止,13,9269.999999999998,9269.999999999998
9,SHHSSSSSH,高温,终止,13,9269.999999999998,9269.999999999998
9,SHHSSSSHS,晴朗,终止,13,9269.999999999998,9269.999999999998
9,SHHSSSSHH,高温,终止,13,9269.999999999998,9269.999999999998
9,SHHSSSHSS,晴朗,终止,13,9269.999999999998,9269.999999999998
9,SHHSSSHSH,高温,终止,13,9269.999999999998,9269.999999999998
9,SHHSSSHHS,晴朗,终止,13,9269.999999999998,9269.999999999998
9,SHHSSSHHH,高温,终止,13,9269.999999999998,9269.999999999998
9,SHHSSHSSS,晴朗,终止,13,9269.999999999998,9269.999999999998
9,SHHSSHSSH,高温,终止,13,9269.999999999998,9269.999999999998
9,SHHSSHSHS,晴朗,终止,13,9269.999999999998,9269.999999999998
9,SHHSSHSHH,高温,终止,13,9269.999999999998,9269.999999999998
9,SHHSSHHSS,晴朗,终止,13,9269.999999999998,9269.999999999998
9,SHHSSHHSH,高温,终止,13,9269.999999999998,9269.999999999998
9,SHHSSHHHS,晴朗,终止,13,9269.999999999998,9269.999999999998
9,SHHSSHHHH,高温,终止,13,9269.999999999998,9269.999999999998
9,SHHSHSSSS,晴朗,终止,13,9269.999999999998,9269.999999999998
9,SHHSHSSSH,高温,终止,13,9269.999999999998,9269.999999999998
9,SHHSHSSHS,晴朗,终止,13,9269.999999999998,9269.999999999998
9,SHHSHSSHH,高温,终止,13,9269.999999999998,9269.999999999998
9,SHHSHSHSS,晴朗,终止,13,9269.999999999998,9269.999999999998
9,SHHSHSHSH,高温,终止,13,9269.999999999998,9269.999999999998
9,SHHSHSHHS,晴朗,终止,13,9269.999999999998,9269.999999999998
9,SHHSHSHHH,高温,终止,13,9269.999999999998,9269.999999999998
9,SHHSHHSSS,晴朗,终止,13,9270.0,9270.0
9,SHHSHHSSH,高温,终止,13,9270.0,9270.0
9,SHHSHHSHS,晴朗,终止,13,9270.0,9270.0
9,SHHSHHSHH,高温,终止,13,9270.0,9270.0
9,SHHSHHHSS,晴朗,终止,13,9269.999999999998,9269.999999999998
9,SHHSHHHSH,高温,终止,13,9269.999999999998,9269.999999999998
9,SHHSHHHHS,晴朗,终止,13,9269.999999999996,9269.999999999996
9,SHHSHHHHH,高温,终止,13,9270.0,9270.0
9,SHHHSSSSS,晴朗,终止,13,9269.999999999998,9269.999999999998
9,SHHHSSSSH,高温,终止,13,9269.999999999998,9269.999999999998
9,SHHHSSSHS,晴朗,终止,13,9269.999999999998,9269.999999999998
9,SHHHSSSHH,高温,终止,13,9269.999999999998,9269.999999999998
9,SHHHSSHSS,晴朗,终止,13,9269.999999999998,9269.999999999998
9,SHHHSSHSH,高温,终止,13,9269.999999999998,9269.999999999998
9,SHHHSSHHS,晴朗,终止,13,9269.999999999998,9269.999999999998
9,SHHHSSHHH,高温,终止,13,9270.0,9270.0
9,SHHHSHSSS,晴朗,终止,13,9269.999999999998,9269.999999999998
9,SHHHSHSSH,高温,终止,13,9269.999999999998,9269.999999999998
9,SHHHSHSHS,晴朗,终止,13,9269.999999999998,9269.999999999998
9,SHHHSHSHH,高温,终止,13,9269.999999999998,9269.999999999998
9,SHHHSHHSS,晴朗,终止,13,9269.999999999998,9269.999999999998
9,SHHHSHHSH,高温,终止,13,9269.999999999998,9269.999999999998
9,SHHHSHHHS,晴朗,终止,13,9270.0,9270.0
9,SHHHSHHHH,高温,终止,13,9270.000000000002,9270.0
9,SHHHHSSSS,晴朗,终止,13,9269.999999999998,9269.999999999998
9,SHHHHSSSH,高温,终止,13,9269.999999999998,9269.999999999998
9,SHHHHSSHS,晴朗,终止,13,9269.999999999998,9269.999999999998
9,SHHHHSSHH,高温,终止,13,9269.999999999998,9269.999999999998
9,SHHHHSHSS,晴朗,终止,13,9270.0,9270.0
9,SHHHHSHSH,高温,终止,13,9270.0,9270.0
9,SHHHHSHHS,晴朗,终止,13,9270.0,9270.0
9,SHHHHSHHH,高温,终止,13,9270.0,9270.0
9,SHHHHHSSS,晴朗,终止,13,9269.999999999998,9269.999999999998
9,SHHHHHSSH,高温,终止,13,9269.999999999998,9269.999999999998
9,SHHHHHSHS,晴朗,终止,13,9269.999999999998,9269.999999999998
9,SHHHHHSHH,高温,终止,13,9269.999999999998,9269.999999999998
9,SHHHHHHSS,晴朗,终止,13,9269.999999999998,9269.999999999998
9,SHHHHHHSH,高温,终止,13,9269.999999999998,9269.999999999998
9,SHHHHHHHS,晴朗,终止,13,9270.0,9270.0
9,SHHHHHHHH,高温,终止,13,9270.0,9270.0
9,HSSSSSSSS,晴朗,终止,13,9350.0,9350.0
9,HSSSSSSSH,高温,终止,13,9350.0,9350.0
9,HSSSSSSHS,晴朗,终止,13,9350.0,9350.0
9,HSSSSSSHH,高温,终止,13,9350.0,9350.0
9,HSSSSSHSS,晴朗,终止,13,9350.0,9350.0
9,HSSSSSHSH,高温,终止,13,9350.0,9350.0
9,HSSSSSHHS,晴朗,终止,13,9350.0,9350.0
9,HSSSSSHHH,高温,终止,13,9350.0,9350.0
9,HSSSSHSSS,晴朗,终止,13,9350.0,9350.0
9,HSSSSHSSH,高温,终止,13,9350.0,9350.0
9,HSSSSHSHS,晴朗,终止,13,9350.0,9350.0
9,HSSSSHSHH,高温,终止,13,9350.0,9350.0
9,HSSSSHHSS,晴朗,终止,13,9350.0,9350.0
9,HSSSSHHSH,高温,终止,13,9350.0,9350.0
9,HSSSSHHHS,晴朗,终止,13,9350.0,9350.0
9,HSSSSHHHH,高温,终止,13,9350.0,9350.0
9,HSSSHSSSS,晴朗,终止,13,9350.0,9350.0
9,HSSSHSSSH,高温,终止,13,9350.0,9350.0
9,HSSSHSSHS,晴朗,终止,13,9350.0,9350.0
9,HSSSHSSHH,高温,终止,13,9350.0,9350.0
9,HSSSHSHSS,晴朗,终止,13,9350.0,9350.0
9,HSSSHSHSH,高温,终止,13,9350.0,9350.0
9,HSSSHSHHS,晴朗,终止,13,9350.0,9350.0
9,HSSSHSHHH,高温,终止,13,9350.0,9350.0
9,HSSSHHSSS,晴朗,终止,13,9350.0,9350.0
9,HSSSHHSSH,高温,终止,13,9350.0,9350.0
9,HSSSHHSHS,晴朗,终止,13,9350.0,9350.0
9,HSSSHHSHH,高温,终止,13,9350.0,9350.0
9,HSSSHHHSS,晴朗,终止,13,9350.0,9350.0
9,HSSSHHHSH,高温,终止,13,9350.0,9350.0
9,HSSSHHHHS,晴朗,终止,13,9350.0,9350.0
9,HSSSHHHHH,高温,终止,13,9350.0,9350.0
9,HSSHSSSSS,晴朗,终止,13,9350.0,9350.0
9,HSSHSSSSH,高温,终止,13,9350.0,9350.0
9,HSSHSSSHS,晴朗,终止,13,9350.0,9350.0
9,HSSHSSSHH,高温,终止,13,9350.0,9350.0
9,HSSHSSHSS,晴朗,终止,13,9350.0,9350.0
9,HSSHSSHSH,高温,终止,13,9350.0,9350.0
9,HSSHSSHHS,晴朗,终止,13,9350.0,9350.0
9,HSSHSSHHH,高温,终止,13,9350.0,9350.0
9,HSSHSHSSS,晴朗,终止,13,9350.0,9350.0
9,HSSHSHSSH,高温,终止,13,9350.0,9350.0
9,HSSHSHSHS,晴朗,终止,13,9350.0,9350.0
9,HSSHSHSHH,高温,终止,13,9350.0,9350.0
9,HSSHSHHSS,晴朗,终止,13,9350.0,9350.0
9,HSSHSHHSH,高温,终止,13,9350.0,9350.0
9,HSSHSHHHS,晴朗,终止,13,9350.0,9350.0
9,HSSHSHHHH,高温,终止,13,9350.0,9350.0
9,HSSHHSSSS,晴朗,终止,13,9350.0,9350.0
9,HSSHHSSSH,高温,终止,13,9350.0,9350.0
9,HSSHHSSHS,晴朗,终止,13,9350.0,9350.0
9,HSSHHSSHH,高温,终止,13,9350.0,9350.0
9,HSSHHSHSS,晴朗,终止,13,9350.0,9350.0
9,HSSHHSHSH,高温,终止,13,9350.0,9350.0
9,HSSHHSHHS,晴朗,终止,13,9350.0,9350.0
9,HSSHHSHHH,高温,终止,13,9350.0,9350.0
9,HSSHHHSSS,晴朗,终止,13,9350.0,9350.0
9,HSSHHHSSH,高温,终止,13,9350.0,9350.0
9,HSSHHHSHS,晴朗,终止,13,9350.0,9350.0
9,HSSHHHSHH,高温,终止,13,9350.0,9350.0
9,HSSHHHHSS,晴朗,终止,13,9350.0,9350.0
9,HSSHHHHSH,高温,终止,13,9350.0,9350.0
9,HSSHHHHHS,晴朗,终止,13,9350.0,9350.0
9,HSSHHHHHH,高温,终止,13,9350.0,9350.0
9,HSHSSSSSS,晴朗,终止,13,9270.0,9270.0
9,HSHSSSSSH,高温,终止,13,9270.0,9270.0
9,HSHSSSSHS,晴朗,终止,13,9270.0,9270.0
9,HSHSSSSHH,高温,终止,13,9270.0,9270.0
9,HSHSSSHSS,晴朗,终止,13,9270.0,9270.0
9,HSHSSSHSH,高温,终止,13,9270.0,9270.0
9,HSHSSSHHS,晴朗,终止,13,9270.0,9270.0
9,HSHSSSHHH,高温,终止,13,9270.0,9270.0
9,HSHSSHSSS,晴朗,终止,13,9270.0,9270.0
9,HSHSSHSSH,高温,终止,13,9270.0,9270.0
9,HSHSSHSHS,晴朗,终止,13,9270.0,9270.0
9,HSHSSHSHH,高温,终止,13,9270.0,9270.0
9,HSHSSHHSS,晴朗,终止,13,9270.0,9270.0
9,HSHSSHHSH,高温,终止,13,9270.0,9270.0
9,HSHSSHHHS,晴朗,终止,13,9270.0,9270.0
9,HSHSSHHHH,高温,终止,13,9270.0,9270.0
9,HSHSHSSSS,晴朗,终止,13,9270.0,9270.0
9,HSHSHSSSH,高温,终止,13,9270.0,9270.0
9,HSHSHSSHS,晴朗,终止,13,9270.0,9270.0
9,HSHSHSSHH,高温,终止,13,9270.0,9270.0
9,HSHSHSHSS,晴朗,终止,13,9270.0,9270.0
9,HSHSHSHSH,高温,终止,13,9270.0,9270.0
9,HSHSHSHHS,晴朗,终止,13,9270.0,9270.0
9,HSHSHSHHH,高温,终止,13,9270.0,9270.0
9,HSHSHHSSS,晴朗,终止,13,9270.0,9270.0
9,HSHSHHSSH,高温,终止,13,9270.0,9270.0
9,HSHSHHSHS,晴朗,终止,13,9270.0,9270.0
9,HSHSHHSHH,高温,终止,13,9270.0,9270.0
9,HSHSHHHSS,晴朗,终止,13,9270.0,9270.0
9,HSHSHHHSH,高温,终止,13,9270.0,9270.0
9,HSHSHHHHS,晴朗,终止,13,9270.0,9270.0
9,HSHSHHHHH,高温,终止,13,9270.0,9270.0
9,HSHHSSSSS,晴朗,终止,13,9269.999999999998,9269.999999999998
9,HSHHSSSSH,高温,终止,13,9269.999999999998,9269.999999999998
9,HSHHSSSHS,晴朗,终止,13,9269.999999999998,9269.999999999998
9,HSHHSSSHH,高温,终止,13,9269.999999999998,9269.999999999998
9,HSHHSSHSS,晴朗,终止,13,9269.999999999998,9269.999999999998
9,HSHHSSHSH,高温,终止,13,9269.999999999998,9269.999999999998
9,HSHHSSHHS,晴朗,终止,13,9269.999999999998,9269.999999999998
9,HSHHSSHHH,高温,终止,13,9269.999999999998,9269.999999999998
9,HSHHSHSSS,晴朗,终止,13,9269.999999999998,9269.999999999998
9,HSHHSHSSH,高温,终止,13,9269.999999999998,9269.999999999998
9,HSHHSHSHS,晴朗,终止,13,9269.999999999998,9269.999999999998
9,HSHHSHSHH,高温,终止,13,9269.999999999998,9269.999999999998
9,HSHHSHHSS,晴朗,终止,13,9269.999999999998,9269.999999999998
9,HSHHSHHSH,高温,终止,13,9269.999999999998,9269.999999999998
9,HSHHSHHHS,晴朗,终止,13,9269.999999999998,9269.999999999998
9,HSHHSHHHH,高温,终止,13,9270.0,9270.0
9,HSHHHSSSS,晴朗,终止,13,9269.999999999998,9269.999999999998
9,HSHHHSSSH,高温,终止,13,9269.999999999998,9269.999999999998
9,HSHHHSSHS,晴朗,终止,13,9269.999999999998,9269.999999999998
9,HSHHHSSHH,高温,终止,13,9269.999999999998,9269.999999999998
9,HSHHHSHSS,晴朗,终止,13,9270.0,9270.0
9,HSHHHSHSH,高温,终止,13,9270.0,9270.0
9,HSHHHSHHS,晴朗,终止,13,9270.0,9270.0
9,HSHHHSHHH,高温,终止,13,9270.0,9270.0
9,HSHHHHSSS,晴朗,终止,13,9270.0,9270.0
9,HSHHHHSSH,高温,终止,13,9270.0,9270.0
9,HSHHHHSHS,晴朗,终止,13,9270.0,9270.0
9,HSHHHHSHH,高温,终止,13,9270.0,9270.0
9,HSHHHHHSS,晴朗,终止,13,9270.0,9270.0
9,HSHHHHHSH,高温,终止,13,9270.0,9270.0
9,HSHHHHHHS,晴朗,终止,13,9270.0,9270.0
9,HSHHHHHHH,高温,终止,13,9270.0,9270.0
9,HHSSSSSSS,晴朗,终止,13,9270.0,9270.0
9,HHSSSSSSH,高温,终止,13,9270.0,9270.0
9,HHSSSSSHS,晴朗,终止,13,9270.0,9270.0
9,HHSSSSSHH,高温,终止,13,9270.0,9270.0
9,HHSSSSHSS,晴朗,终止,13,9270.0,9270.0
9,HHSSSSHSH,高温,终止,13,9270.0,9270.0
9,HHSSSSHHS,晴朗,终止,13,9270.0,9270.0
9,HHSSSSHHH,高温,终止,13,9270.0,9270.0
9,HHSSSHSSS,晴朗,终止,13,9270.0,9270.0
9,HHSSSHSSH,高温,终止,13,9270.0,9270.0
9,HHSSSHSHS,晴朗,终止,13,9270.0,9270.0
9,HHSSSHSHH,高温,终止,13,9270.0,9270.0
9,HHSSSHHSS,晴朗,终止,13,9270.0,9270.0
9,HHSSSHHSH,高温,终止,13,9270.0,9270.0
9,HHSSSHHHS,晴朗,终止,13,9270.0,9270.0
9,HHSSSHHHH,高温,终止,13,9270.0,9270.0
9,HHSSHSSSS,晴朗,终止,13,9270.0,9270.0
9,HHSSHSSSH,高温,终止,13,9270.0,9270.0
9,HHSSHSSHS,晴朗,终止,13,9270.0,9270.0
9,HHSSHSSHH,高温,终止,13,9270.0,9270.0
9,HHSSHSHSS,晴朗,终止,13,9270.0,9270.0
9,HHSSHSHSH,高温,终止,13,9270.0,9270.0
9,HHSSHSHHS,晴朗,终止,13,9270.0,9270.0
9,HHSSHSHHH,高温,终止,13,9270.0,9270.0
9,HHSSHHSSS,晴朗,终止,13,9270.0,9270.0
9,HHSSHHSSH,高温,终止,13,9270.0,9270.0
9,HHSSHHSHS,晴朗,终止,13,9270.0,9270.0
9,HHSSHHSHH,高温,终止,13,9270.0,9270.0
9,HHSSHHHSS,晴朗,终止,13,9270.0,9270.0
9,HHSSHHHSH,高温,终止,13,9270.0,9270.0
9,HHSSHHHHS,晴朗,终止,13,9270.0,9270.0
9,HHSSHHHHH,高温,终止,13,9270.0,9270.0
9,HHSHSSSSS,晴朗,终止,13,9270.0,9270.0
9,HHSHSSSSH,高温,终止,13,9270.0,9270.0
9,HHSHSSSHS,晴朗,终止,13,9270.0,9270.0
9,HHSHSSSHH,高温,终止,13,9270.0,9270.0
9,HHSHSSHSS,晴朗,终止,13,9270.0,9270.0
9,HHSHSSHSH,高温,终止,13,9270.0,9270.0
9,HHSHSSHHS,晴朗,终止,13,9270.0,9270.0
9,HHSHSSHHH,高温,终止,13,9270.0,9270.0
9,HHSHSHSSS,晴朗,终止,13,9270.0,9270.0
9,HHSHSHSSH,高温,终止,13,9270.0,9270.0
9,HHSHSHSHS,晴朗,终止,13,9270.0,9270.0
9,HHSHSHSHH,高温,终止,13,9270.0,9270.0
9,HHSHSHHSS,晴朗,终止,13,9270.0,9270.0
9,HHSHSHHSH,高温,终止,13,9270.0,9270.0
9,HHSHSHHHS,晴朗,终止,13,9270.0,9270.0
9,HHSHSHHHH,高温,终止,13,9270.0,9270.0
9,HHSHHSSSS,晴朗,终止,13,9270.0,9270.0
9,HHSHHSSSH,高温,终止,13,9270.0,9270.0
9,HHSHHSSHS,晴朗,终止,13,9270.0,9270.0
9,HHSHHSSHH,高温,终止,13,9270.0,9270.0
9,HHSHHSHSS,晴朗,终止,13,9270.0,9270.0
9,HHSHHSHSH,高温,终止,13,9270.0,9270.0
9,HHSHHSHHS,晴朗,终止,13,9270.0,9270.0
9,HHSHHSHHH,高温,终止,13,9270.0,9270.0
9,HHSHHHSSS,晴朗,终止,13,9270.0,9270.0
9,HHSHHHSSH,高温,终止,13,9270.0,9270.0
9,HHSHHHSHS,晴朗,终止,13,9270.0,9270.0
9,HHSHHHSHH,高温,终止,13,9270.0,9270.0
9,HHSHHHHSS,晴朗,终止,13,9270.0,9270.0
9,HHSHHHHSH,高温,终止,13,9270.0,9270.0
9,HHSHHHHHS,晴朗,终止,13,9270.0,9270.0
9,HHSHHHHHH,高温,终止,13,9270.0,9270.0
9,HHHSSSSSS,晴朗,终止,13,9190.0,9190.0
9,HHHSSSSSH,高温,终止,13,9190.0,9190.0
9,HHHSSSSHS,晴朗,终止,13,9190.0,9190.0
9,HHHSSSSHH,高温,终止,13,9190.0,9190.0
9,HHHSSSHSS,晴朗,终止,13,9190.0,9190.0
9,HHHSSSHSH,高温,终止,13,9190.0,9190.0
9,HHHSSSHHS,晴朗,终止,13,9190.0,9190.0
9,HHHSSSHHH,高温,终止,13,9190.0,9190.0
9,HHHSSHSSS,晴朗,终止,13,9190.0,9190.0
9,HHHSSHSSH,高温,终止,13,9190.0,9190.0
9,HHHSSHSHS,晴朗,终止,13,9190.0,9190.0
9,HHHSSHSHH,高温,终止,13,9190.0,9190.0
9,HHHSSHHSS,晴朗,终止,13,9190.0,9190.0
9,HHHSSHHSH,高温,终止,13,9190.0,9190.0
9,HHHSSHHHS,晴朗,终止,13,9190.0,9190.0
9,HHHSSHHHH,高温,终止,13,9190.0,9190.0
9,HHHSHSSSS,晴朗,终止,13,9190.0,9190.0
9,HHHSHSSSH,高温,终止,13,9190.0,9190.0
9,HHHSHSSHS,晴朗,终止,13,9190.0,9190.0
9,HHHSHSSHH,高温,终止,13,9190.0,9190.0
9,HHHSHSHSS,晴朗,终止,13,9190.0,9190.0
9,HHHSHSHSH,高温,终止,13,9190.0,9190.0
9,HHHSHSHHS,晴朗,终止,13,9190.0,9190.0
9,HHHSHSHHH,高温,终止,13,9190.0,9190.0
9,HHHSHHSSS,晴朗,终止,13,9190.0,9190.0
9,HHHSHHSSH,高温,终止,13,9190.0,9190.0
9,HHHSHHSHS,晴朗,终止,13,9190.0,9190.0
9,HHHSHHSHH,高温,终止,13,9190.0,9190.0
9,HHHSHHHSS,晴朗,终止,13,9190.0,9190.0
9,HHHSHHHSH,高温,终止,13,9190.0,9190.0
9,HHHSHHHHS,晴朗,终止,13,9190.0,9190.0
9,HHHSHHHHH,高温,终止,13,9190.0,9190.0
9,HHHHSSSSS,晴朗,终止,13,9190.0,9190.0
9,HHHHSSSSH,高温,终止,13,9190.0,9190.0
9,HHHHSSSHS,晴朗,终止,13,9190.0,9190.0
9,HHHHSSSHH,高温,终止,13,9190.0,9190.0
9,HHHHSSHSS,晴朗,终止,13,9190.0,9190.0
9,HHHHSSHSH,高温,终止,13,9190.0,9190.0
9,HHHHSSHHS,晴朗,终止,13,9190.0,9190.0
9,HHHHSSHHH,高温,终止,13,9190.0,9190.0
9,HHHHSHSSS,晴朗,终止,13,9190.0,9190.0
9,HHHHSHSSH,高温,终止,13,9190.0,9190.0
9,HHHHSHSHS,晴朗,终止,13,9190.0,9190.0
9,HHHHSHSHH,高温,终止,13,9190.0,9190.0
9,HHHHSHHSS,晴朗,终止,13,9190.0,9190.0
9,HHHHSHHSH,高温,终止,13,9190.0,9190.0
9,HHHHSHHHS,晴朗,终止,13,9190.0,9190.0
9,HHHHSHHHH,高温,终止,13,9190.0,9190.0
9,HHHHHSSSS,晴朗,终止,13,9190.0,9190.0
9,HHHHHSSSH,高温,终止,13,9190.0,9190.0
9,HHHHHSSHS,晴朗,终止,13,9190.0,9190.0
9,HHHHHSSHH,高温,终止,13,9190.0,9190.0
9,HHHHHSHSS,晴朗,终止,13,9190.0,9190.0
9,HHHHHSHSH,高温,终止,13,9190.0,9190.0
9,HHHHHSHHS,晴朗,终止,13,9190.0,9190.0
9,HHHHHSHHH,高温,终止,13,9190.0,9190.0
9,HHHHHHSSS,晴朗,终止,13,9190.0,9190.0
9,HHHHHHSSH,高温,终止,13,9190.0,9190.0
9,HHHHHHSHS,晴朗,终止,13,9190.0,9190.0
9,HHHHHHSHH,高温,终止,13,9190.0,9190.0
9,HHHHHHHSS,晴朗,终止,13,9190.0,9190.0
9,HHHHHHHSH,高温,终止,13,9190.0,9190.0
9,HHHHHHHHS,晴朗,终止,13,9190.0,9190.0
9,HHHHHHHHH,高温,终止,13,9190.0,9190.0
10,SSSSSSSSSS,晴朗,终止,13,9430.0,9430.0
10,SSSSSSSSSH,高温,终止,13,9430.0,9430.0
10,SSSSSSSSHS,晴朗,终止,13,9430.0,9430.0
10,SSSSSSSSHH,高温,终止,13,9430.0,9430.0
10,SSSSSSSHSS,晴朗,终止,13,9430.0,9430.0
10,SSSSSSSHSH,高温,终止,13,9430.0,9430.0
10,SSSSSSSHHS,晴朗,终止,13,9430.0,9430.0
10,SSSSSSSHHH,高温,终止,13,9430.0,9430.0
10,SSSSSSHSSS,晴朗,终止,13,9430.0,9430.0
10,SSSSSSHSSH,高温,终止,13,9430.0,9430.0
10,SSSSSSHSHS,晴朗,终止,13,9430.0,9430.0
10,SSSSSSHSHH,高温,终止,13,9430.0,9430.0
10,SSSSSSHHSS,晴朗,终止,13,9430.0,9430.0
10,SSSSSSHHSH,高温,终止,13,9430.0,9430.0
10,SSSSSSHHHS,晴朗,终止,13,9430.0,9430.0
10,SSSSSSHHHH,高温,终止,13,9430.0,9430.0
10,SSSSSHSSSS,晴朗,终止,13,9430.0,9430.0
10,SSSSSHSSSH,高温,终止,13,9430.0,9430.0
10,SSSSSHSSHS,晴朗,终止,13,9430.0,9430.0
10,SSSSSHSSHH,高温,终止,13,9430.0,9430.0
10,SSSSSHSHSS,晴朗,终止,13,9430.0,9430.0
10,SSSSSHSHSH,高温,终止,13,9430.0,9430.0
10,SSSSSHSHHS,晴朗,终止,13,9430.0,9430.0
10,SSSSSHSHHH,高温,终止,13,9430.0,9430.0
10,SSSSSHHSSS,晴朗,终止,13,9430.0,9430.0
10,SSSSSHHSSH,高温,终止,13,9430.0,9430.0
10,SSSSSHHSHS,晴朗,终止,13,9430.0,9430.0
10,SSSSSHHSHH,高温,终止,13,9430.0,9430.0
10,SSSSSHHHSS,晴朗,终止,13,9430.0,9430.0
10,SSSSSHHHSH,高温,终止,13,9430.0,9430.0
10,SSSSSHHHHS,晴朗,终止,13,9430.0,9430.0
10,SSSSSHHHHH,高温,终止,13,9430.0,9430.0
10,SSSSHSSSSS,晴朗,终止,13,9430.0,9430.0
10,SSSSHSSSSH,高温,终止,13,9430.0,9430.0
10,SSSSHSSSHS,晴朗,终止,13,9430.0,9430.0
10,SSSSHSSSHH,高温,终止,13,9430.0,9430.0
10,SSSSHSSHSS,晴朗,终止,13,9430.0,9430.0
10,SSSSHSSHSH,高温,终止,13,9430.0,9430.0
10,SSSSHSSHHS,晴朗,终止,13,9430.0,9430.0
10,SSSSHSSHHH,高温,终止,13,9430.0,9430.0
10,SSSSHSHSSS,晴朗,终止,13,9430.0,9430.0
10,SSSSHSHSSH,高温,终止,13,9430.0,9430.0
10,SSSSHSHSHS,晴朗,终止,13,9430.0,9430.0
10,SSSSHSHSHH,高温,终止,13,9430.0,9430.0
10,SSSSHSHHSS,晴朗,终止,13,9430.0,9430.0
10,SSSSHSHHSH,高温,终止,13,9430.0,9430.0
10,SSSSHSHHHS,晴朗,终止,13,9430.0,9430.0
10,SSSSHSHHHH,高温,终止,13,9430.0,9430.0
10,SSSSHHSSSS,晴朗,终止,13,9430.0,9430.0
10,SSSSHHSSSH,高温,终止,13,9430.0,9430.0
10,SSSSHHSSHS,晴朗,终止,13,9430.0,9430.0
10,SSSSHHSSHH,高温,终止,13,9430.0,9430.0
10,SSSSHHSHSS,晴朗,终止,13,9430.0,9430.0
10,SSSSHHSHSH,高温,终止,13,9430.0,9430.0
10,SSSSHHSHHS,晴朗,终止,13,9430.0,9430.0
10,SSSSHHSHHH,高温,终止,13,9430.0,9430.0
10,SSSSHHHSSS,晴朗,终止,13,9430.0,9430.0
10,SSSSHHHSSH,高温,终止,13,9430.0,9430.0
10,SSSSHHHSHS,晴朗,终止,13,9430.0,9430.0
10,SSSSHHHSHH,高温,终止,13,9430.0,9430.0
10,SSSSHHHHSS,晴朗,终止,13,9430.0,9430.0
10,SSSSHHHHSH,高温,终止,13,9430.0,9430.0
10,SSSSHHHHHS,晴朗,终止,13,9430.0,9430.0
10,SSSSHHHHHH,高温,终止,13,9430.0,9430.0
10,SSSHSSSSSS,晴朗,终止,13,9430.0,9430.0
10,SSSHSSSSSH,高温,终止,13,9430.0,9430.0
10,SSSHSSSSHS,晴朗,终止,13,9430.0,9430.0
10,SSSHSSSSHH,高温,终止,13,9430.0,9430.0
10,SSSHSSSHSS,晴朗,终止,13,9430.0,9430.0
10,SSSHSSSHSH,高温,终止,13,9430.0,9430.0
10,SSSHSSSHHS,晴朗,终止,13,9430.0,9430.0
10,SSSHSSSHHH,高温,终止,13,9430.0,9430.0
10,SSSHSSHSSS,晴朗,终止,13,9430.0,9430.0
10,SSSHSSHSSH,高温,终止,13,9430.0,9430.0
10,SSSHSSHSHS,晴朗,终止,13,9430.0,9430.0
10,SSSHSSHSHH,高温,终止,13,9430.0,9430.0
10,SSSHSSHHSS,晴朗,终止,13,9430.0,9430.0
10,SSSHSSHHSH,高温,终止,13,9430.0,9430.0
10,SSSHSSHHHS,晴朗,终止,13,9430.0,9430.0
10,SSSHSSHHHH,高温,终止,13,9430.0,9430.0
10,SSSHSHSSSS,晴朗,终止,13,9430.0,9430.0
10,SSSHSHSSSH,高温,终止,13,9430.0,9430.0
10,SSSHSHSSHS,晴朗,终止,13,9430.0,9430.0
10,SSSHSHSSHH,高温,终止,13,9430.0,9430.0
10,SSSHSHSHSS,晴朗,终止,13,9430.0,9430.0
10,SSSHSHSHSH,高温,终止,13,9430.0,9430.0
10,SSSHSHSHHS,晴朗,终止,13,9430.0,9430.0
10,SSSHSHSHHH,高温,终止,13,9430.0,9430.0
10,SSSHSHHSSS,晴朗,终止,13,9430.0,9430.0
10,SSSHSHHSSH,高温,终止,13,9430.0,9430.0
10,SSSHSHHSHS,晴朗,终止,13,9430.0,9430.0
10,SSSHSHHSHH,高温,终止,13,9430.0,9430.0
10,SSSHSHHHSS,晴朗,终止,13,9430.0,9430.0
10,SSSHSHHHSH,高温,终止,13,9430.0,9430.0
10,SSSHSHHHHS,晴朗,终止,13,9430.0,9430.0
10,SSSHSHHHHH,高温,终止,13,9430.0,9430.0
10,SSSHHSSSSS,晴朗,终止,13,9430.0,9430.0
10,SSSHHSSSSH,高温,终止,13,9430.0,9430.0
10,SSSHHSSSHS,晴朗,终止,13,9430.0,9430.0
10,SSSHHSSSHH,高温,终止,13,9430.0,9430.0
10,SSSHHSSHSS,晴朗,终止,13,9430.0,9430.0
10,SSSHHSSHSH,高温,终止,13,9430.0,9430.0
10,SSSHHSSHHS,晴朗,终止,13,9430.0,9430.0
10,SSSHHSSHHH,高温,终止,13,9430.0,9430.0
10,SSSHHSHSSS,晴朗,终止,13,9430.0,9430.0
10,SSSHHSHSSH,高温,终止,13,9430.0,9430.0
10,SSSHHSHSHS,晴朗,终止,13,9430.0,9430.0
10,SSSHHSHSHH,高温,终止,13,9430.0,9430.0
10,SSSHHSHHSS,晴朗,终止,13,9430.0,9430.0
10,SSSHHSHHSH,高温,终止,13,9430.0,9430.0
10,SSSHHSHHHS,晴朗,终止,13,9430.0,9430.0
10,SSSHHSHHHH,高温,终止,13,9430.0,9430.0
10,SSSHHHSSSS,晴朗,终止,13,9430.0,9430.0
10,SSSHHHSSSH,高温,终止,13,9430.0,9430.0
10,SSSHHHSSHS,晴朗,终止,13,9430.0,9430.0
10,SSSHHHSSHH,高温,终止,13,9430.0,9430.0
10,SSSHHHSHSS,晴朗,终止,13,9430.0,9430.0
10,SSSHHHSHSH,高温,终止,13,9430.0,9430.0
10,SSSHHHSHHS,晴朗,终止,13,9430.0,9430.0
10,SSSHHHSHHH,高温,终止,13,9430.0,9430.0
10,SSSHHHHSSS,晴朗,终止,13,9430.0,9430.0
10,SSSHHHHSSH,高温,终止,13,9430.0,9430.0
10,SSSHHHHSHS,晴朗,终止,13,9430.0,9430.0
10,SSSHHHHSHH,高温,终止,13,9430.0,9430.0
10,SSSHHHHHSS,晴朗,终止,13,9430.0,9430.0
10,SSSHHHHHSH,高温,终止,13,9430.0,9430.0
10,SSSHHHHHHS,晴朗,终止,13,9430.0,9430.0
10,SSSHHHHHHH,高温,终止,13,9430.0,9430.0
10,SSHSSSSSSS,晴朗,终止,13,9350.0,9350.0
10,SSHSSSSSSH,高温,终止,13,9350.0,9350.0
10,SSHSSSSSHS,晴朗,终止,13,9350.0,9350.0
10,SSHSSSSSHH,高温,终止,13,9350.0,9350.0
10,SSHSSSSHSS,晴朗,终止,13,9350.0,9350.0
10,SSHSSSSHSH,高温,终止,13,9350.0,9350.0
10,SSHSSSSHHS,晴朗,终止,13,9350.0,9350.0
10,SSHSSSSHHH,高温,终止,13,9350.0,9350.0
10,SSHSSSHSSS,晴朗,终止,13,9350.0,9350.0
10,SSHSSSHSSH,高温,终止,13,9350.0,9350.0
10,SSHSSSHSHS,晴朗,终止,13,9350.0,9350.0
10,SSHSSSHSHH,高温,终止,13,9350.0,9350.0
10,SSHSSSHHSS,晴朗,终止,13,9350.0,9350.0
10,SSHSSSHHSH,高温,终止,13,9350.0,9350.0
10,SSHSSSHHHS,晴朗,终止,13,9350.0,9350.0
10,SSHSSSHHHH,高温,终止,13,9350.0,9350.0
10,SSHSSHSSSS,晴朗,终止,13,9350.0,9350.0
10,SSHSSHSSSH,高温,终止,13,9350.0,9350.0
10,SSHSSHSSHS,晴朗,终止,13,9350.0,9350.0
10,SSHSSHSSHH,高温,终止,13,9350.0,9350.0
10,SSHSSHSHSS,晴朗,终止,13,9350.0,9350.0
10,SSHSSHSHSH,高温,终止,13,9350.0,9350.0
10,SSHSSHSHHS,晴朗,终止,13,9350.0,9350.0
10,SSHSSHSHHH,高温,终止,13,9350.0,9350.0
10,SSHSSHHSSS,晴朗,终止,13,9350.0,9350.0
10,SSHSSHHSSH,高温,终止,13,9350.0,9350.0
10,SSHSSHHSHS,晴朗,终止,13,9350.0,9350.0
10,SSHSSHHSHH,高温,终止,13,9350.0,9350.0
10,SSHSSHHHSS,晴朗,终止,13,9350.0,9350.0
10,SSHSSHHHSH,高温,终止,13,9350.0,9350.0
10,SSHSSHHHHS,晴朗,终止,13,9350.0,9350.0
10,SSHSSHHHHH,高温,终止,13,9350.0,9350.0
10,SSHSHSSSSS,晴朗,终止,13,9350.0,9350.0
10,SSHSHSSSSH,高温,终止,13,9350.0,9350.0
10,SSHSHSSSHS,晴朗,终止,13,9350.0,9350.0
10,SSHSHSSSHH,高温,终止,13,9350.0,9350.0
10,SSHSHSSHSS,晴朗,终止,13,9350.0,9350.0
10,SSHSHSSHSH,高温,终止,13,9350.0,9350.0
10,SSHSHSSHHS,晴朗,终止,13,9350.0,9350.0
10,SSHSHSSHHH,高温,终止,13,9350.0,9350.0
10,SSHSHSHSSS,晴朗,终止,13,9350.0,9350.0
10,SSHSHSHSSH,高温,终止,13,9350.0,9350.0
10,SSHSHSHSHS,晴朗,终止,13,9350.0,9350.0
10,SSHSHSHSHH,高温,终止,13,9350.0,9350.0
10,SSHSHSHHSS,晴朗,终止,13,9350.0,9350.0
10,SSHSHSHHSH,高温,终止,13,9350.0,9350.0
10,SSHSHSHHHS,晴朗,终止,13,9350.0,9350.0
10,SSHSHSHHHH,高温,终止,13,9350.0,9350.0
10,SSHSHHSSSS,晴朗,终止,13,9350.0,9350.0
10,SSHSHHSSSH,高温,终止,13,9350.0,9350.0
10,SSHSHHSSHS,晴朗,终止,13,9350.0,9350.0
10,SSHSHHSSHH,高温,终止,13,9350.0,9350.0
10,SSHSHHSHSS,晴朗,终止,13,9350.0,9350.0
10,SSHSHHSHSH,高温,终止,13,9350.0,9350.0
10,SSHSHHSHHS,晴朗,终止,13,9350.0,9350.0
10,SSHSHHSHHH,高温,终止,13,9350.0,9350.0
10,SSHSHHHSSS,晴朗,终止,13,9350.0,9350.0
10,SSHSHHHSSH,高温,终止,13,9350.0,9350.0
10,SSHSHHHSHS,晴朗,终止,13,9350.0,9350.0
10,SSHSHHHSHH,高温,终止,13,9350.0,9350.0
10,SSHSHHHHSS,晴朗,终止,13,9350.0,9350.0
10,SSHSHHHHSH,高温,终止,13,9350.0,9350.0
10,SSHSHHHHHS,晴朗,终止,13,9350.000000000002,9350.000000000002
10,SSHSHHHHHH,高温,终止,13,9350.000000000002,9350.000000000002
10,SSHHSSSSSS,晴朗,终止,13,9350.0,9350.0
10,SSHHSSSSSH,高温,终止,13,9350.0,9350.0
10,SSHHSSSSHS,晴朗,终止,13,9350.0,9350.0
10,SSHHSSSSHH,高温,终止,13,9350.0,9350.0
10,SSHHSSSHSS,晴朗,终止,13,9350.0,9350.0
10,SSHHSSSHSH,高温,终止,13,9350.0,9350.0
10,SSHHSSSHHS,晴朗,终止,13,9350.0,9350.0
10,SSHHSSSHHH,高温,终止,13,9350.0,9350.0
10,SSHHSSHSSS,晴朗,终止,13,9350.0,9350.0
10,SSHHSSHSSH,高温,终止,13,9350.0,9350.0
10,SSHHSSHSHS,晴朗,终止,13,9350.0,9350.0
10,SSHHSSHSHH,高温,终止,13,9350.0,9350.0
10,SSHHSSHHSS,晴朗,终止,13,9350.0,9350.0
10,SSHHSSHHSH,高温,终止,13,9350.0,9350.0
10,SSHHSSHHHS,晴朗,终止,13,9350.0,9350.0
10,SSHHSSHHHH,高温,终止,13,9350.0,9350.0
10,SSHHSHSSSS,晴朗,终止,13,9350.0,9350.0
10,SSHHSHSSSH,高温,终止,13,9350.0,9350.0
10,SSHHSHSSHS,晴朗,终止,13,9350.0,9350.0
10,SSHHSHSSHH,高温,终止,13,9350.0,9350.0
10,SSHHSHSHSS,晴朗,终止,13,9350.0,9350.0
10,SSHHSHSHSH,高温,终止,13,9350.0,9350.0
10,SSHHSHSHHS,晴朗,终止,13,9350.0,9350.0
10,SSHHSHSHHH,高温,终止,13,9350.0,9350.0
10,SSHHSHHSSS,晴朗,终止,13,9350.0,9350.0
10,SSHHSHHSSH,高温,终止,13,9350.0,9350.0
10,SSHHSHHSHS,晴朗,终止,13,9350.0,9350.0
10,SSHHSHHSHH,高温,终止,13,9350.0,9350.0
10,SSHHSHHHSS,晴朗,终止,13,9349.999999999996,9349.999999999996
10,SSHHSHHHSH,高温,终止,13,9349.999999999996,9349.999999999996
10,SSHHSHHHHS,晴朗,终止,13,9349.999999999998,9349.999999999998
10,SSHHSHHHHH,高温,终止,13,9350.0,9350.0
10,SSHHHSSSSS,晴朗,终止,13,9350.0,9350.0
10,SSHHHSSSSH,高温,终止,13,9350.0,9350.0
10,SSHHHSSSHS,晴朗,终止,13,9350.0,9350.0
10,SSHHHSSSHH,高温,终止,13,9350.0,9350.0
10,SSHHHSSHSS,晴朗,终止,13,9350.0,9350.0
10,SSHHHSSHSH,高温,终止,13,9350.0,9350.0
10,SSHHHSSHHS,晴朗,终止,13,9350.0,9350.0
10,SSHHHSSHHH,高温,终止,13,9350.0,9350.0
10,SSHHHSHSSS,晴朗,终止,13,9350.0,9350.0
10,SSHHHSHSSH,高温,终止,13,9350.0,9350.0
10,SSHHHSHSHS,晴朗,终止,13,9350.0,9350.0
10,SSHHHSHSHH,高温,终止,13,9350.0,9350.0
10,SSHHHSHHSS,晴朗,终止,13,9350.0,9350.0
10,SSHHHSHHSH,高温,终止,13,9350.0,9350.0
10,SSHHHSHHHS,晴朗,终止,13,9350.000000000002,9350.000000000002
10,SSHHHSHHHH,高温,终止,13,9350.000000000002,9350.000000000002
10,SSHHHHSSSS,晴朗,终止,13,9350.0,9350.0
10,SSHHHHSSSH,高温,终止,13,9350.0,9350.0
10,SSHHHHSSHS,晴朗,终止,13,9350.0,9350.0
10,SSHHHHSSHH,高温,终止,13,9350.0,9350.0
10,SSHHHHSHSS,晴朗,终止,13,9350.0,9350.0
10,SSHHHHSHSH,高温,终止,13,9350.0,9350.0
10,SSHHHHSHHS,晴朗,终止,13,9350.0,9350.0
10,SSHHHHSHHH,高温,终止,13,9350.0,9350.0
10,SSHHHHHSSS,晴朗,终止,13,9350.0,9350.0
10,SSHHHHHSSH,高温,终止,13,9350.0,9350.0
10,SSHHHHHSHS,晴朗,终止,13,9350.0,9350.0
10,SSHHHHHSHH,高温,终止,13,9350.0,9350.0
10,SSHHHHHHSS,晴朗,终止,13,9349.999999999998,9349.999999999998
10,SSHHHHHHSH,高温,终止,13,9349.999999999998,9349.999999999998
10,SSHHHHHHHS,晴朗,终止,13,9349.999999999998,9349.999999999998
10,SSHHHHHHHH,高温,终止,13,9350.0,9350.0
10,SHSSSSSSSS,晴朗,终止,13,9350.0,9350.0
10,SHSSSSSSSH,高温,终止,13,9350.0,9350.0
10,SHSSSSSSHS,晴朗,终止,13,9350.0,9350.0
10,SHSSSSSSHH,高温,终止,13,9350.0,9350.0
10,SHSSSSSHSS,晴朗,终止,13,9350.0,9350.0
10,SHSSSSSHSH,高温,终止,13,9350.0,9350.0
10,SHSSSSSHHS,晴朗,终止,13,9350.0,9350.0
10,SHSSSSSHHH,高温,终止,13,9350.0,9350.0
10,SHSSSSHSSS,晴朗,终止,13,9350.0,9350.0
10,SHSSSSHSSH,高温,终止,13,9350.0,9350.0
10,SHSSSSHSHS,晴朗,终止,13,9350.0,9350.0
10,SHSSSSHSHH,高温,终止,13,9350.0,9350.0
10,SHSSSSHHSS,晴朗,终止,13,9350.0,9350.0
10,SHSSSSHHSH,高温,终止,13,9350.0,9350.0
10,SHSSSSHHHS,晴朗,终止,13,9350.0,9350.0
10,SHSSSSHHHH,高温,终止,13,9350.0,9350.0
10,SHSSSHSSSS,晴朗,终止,13,9350.0,9350.0
10,SHSSSHSSSH,高温,终止,13,9350.0,9350.0
10,SHSSSHSSHS,晴朗,终止,13,9350.0,9350.0
10,SHSSSHSSHH,高温,终止,13,9350.0,9350.0
10,SHSSSHSHSS,晴朗,终止,13,9350.0,9350.0
10,SHSSSHSHSH,高温,终止,13,9350.0,9350.0
10,SHSSSHSHHS,晴朗,终止,13,9350.0,9350.0
10,SHSSSHSHHH,高温,终止,13,9350.0,9350.0
10,SHSSSHHSSS,晴朗,终止,13,9350.0,9350.0
10,SHSSSHHSSH,高温,终止,13,9350.0,9350.0
10,SHSSSHHSHS,晴朗,终止,13,9350.0,9350.0
10,SHSSSHHSHH,高温,终止,13,9350.0,9350.0
10,SHSSSHHHSS,晴朗,终止,13,9350.0,9350.0
10,SHSSSHHHSH,高温,终止,13,9350.0,9350.0
10,SHSSSHHHHS,晴朗,终止,13,9350.0,9350.0
10,SHSSSHHHHH,高温,终止,13,9350.0,9350.0
10,SHSSHSSSSS,晴朗,终止,13,9350.0,9350.0
10,SHSSHSSSSH,高温,终止,13,9350.0,9350.0
10,SHSSHSSSHS,晴朗,终止,13,9350.0,9350.0
10,SHSSHSSSHH,高温,终止,13,9350.0,9350.0
10,SHSSHSSHSS,晴朗,终止,13,9350.0,9350.0
10,SHSSHSSHSH,高温,终止,13,9350.0,9350.0
10,SHSSHSSHHS,晴朗,终止,13,9350.0,9350.0
10,SHSSHSSHHH,高温,终止,13,9350.0,9350.0
10,SHSSHSHSSS,晴朗,终止,13,9350.0,9350.0
10,SHSSHSHSSH,高温,终止,13,9350.0,9350.0
10,SHSSHSHSHS,晴朗,终止,13,9350.0,9350.0
10,SHSSHSHSHH,高温,终止,13,9350.0,9350.0
10,SHSSHSHHSS,晴朗,终止,13,9350.0,9350.0
10,SHSSHSHHSH,高温,终止,13,9350.0,9350.0
10,SHSSHSHHHS,晴朗,终止,13,9350.0,9350.0
10,SHSSHSHHHH,高温,终止,13,9350.0,9350.0
10,SHSSHHSSSS,晴朗,终止,13,9350.0,9350.0
10,SHSSHHSSSH,高温,终止,13,9350.0,9350.0
10,SHSSHHSSHS,晴朗,终止,13,9350.0,9350.0
10,SHSSHHSSHH,高温,终止,13,9350.0,9350.0
10,SHSSHHSHSS,晴朗,终止,13,9350.0,9350.0
10,SHSSHHSHSH,高温,终止,13,9350.0,9350.0
10,SHSSHHSHHS,晴朗,终止,13,9350.0,9350.0
10,SHSSHHSHHH,高温,终止,13,9350.0,9350.0
10,SHSSHHHSSS,晴朗,终止,13,9350.0,9350.0
10,SHSSHHHSSH,高温,终止,13,9350.0,9350.0
10,SHSSHHHSHS,晴朗,终止,13,9350.0,9350.0
10,SHSSHHHSHH,高温,终止,13,9350.0,9350.0
10,SHSSHHHHSS,晴朗,终止,13,9350.0,9350.0
10,SHSSHHHHSH,高温,终止,13,9350.0,9350.0
10,SHSSHHHHHS,晴朗,终止,13,9350.0,9350.0
10,SHSSHHHHHH,高温,终止,13,9350.0,9350.0
10,SHSHSSSSSS,晴朗,终止,13,9349.999999999998,9349.999999999998
10,SHSHSSSSSH,高温,终止,13,9349.999999999998,9349.999999999998
10,SHSHSSSSHS,晴朗,终止,13,9349.999999999998,9349.999999999998
10,SHSHSSSSHH,高温,终止,13,9349.999999999998,9349.999999999998
10,SHSHSSSHSS,晴朗,终止,13,9349.999999999998,9349.999999999998
10,SHSHSSSHSH,高温,终止,13,9349.999999999998,9349.999999999998
10,SHSHSSSHHS,晴朗,终止,13,9349.999999999998,9349.999999999998
10,SHSHSSSHHH,高温,终止,13,9349.999999999998,9349.999999999998
10,SHSHSSHSSS,晴朗,终止,13,9349.999999999998,9349.999999999998
10,SHSHSSHSSH,高温,终止,13,9349.999999999998,9349.999999999998
10,SHSHSSHSHS,晴朗,终止,13,9349.999999999998,9349.999999999998
10,SHSHSSHSHH,高温,终止,13,9349.999999999998,9349.999999999998
10,SHSHSSHHSS,晴朗,终止,13,9349.999999999998,9349.999999999998
10,SHSHSSHHSH,高温,终止,13,9349.999999999998,9349.999999999998
10,SHSHSSHHHS,晴朗,终止,13,9349.999999999998,9349.999999999998
10,SHSHSSHHHH,高温,终止,13,9349.999999999998,9349.999999999998
10,SHSHSHSSSS,晴朗,终止,13,9350.0,9350.0
10,SHSHSHSSSH,高温,终止,13,9350.0,9350.0
10,SHSHSHSSHS,晴朗,终止,13,9350.0,9350.0
10,SHSHSHSSHH,高温,终止,13,9350.0,9350.0
10,SHSHSHSHSS,晴朗,终止,13,9350.0,9350.0
10,SHSHSHSHSH,高温,终止,13,9350.0,9350.0
10,SHSHSHSHHS,晴朗,终止,13,9350.0,9350.0
10,SHSHSHSHHH,高温,终止,13,9350.0,9350.0
10,SHSHSHHSSS,晴朗,终止,13,9350.0,9350.0
10,SHSHSHHSSH,高温,终止,13,9350.0,9350.0
10,SHSHSHHSHS,晴朗,终止,13,9350.0,9350.0
10,SHSHSHHSHH,高温,终止,13,9350.0,9350.0
10,SHSHSHHHSS,晴朗,终止,13,9350.0,9350.0
10,SHSHSHHHSH,高温,终止,13,9350.0,9350.0
10,SHSHSHHHHS,晴朗,终止,13,9350.0,9350.0
10,SHSHSHHHHH,高温,终止,13,9350.0,9350.0
10,SHSHHSSSSS,晴朗,终止,13,9350.0,9350.0
10,SHSHHSSSSH,高温,终止,13,9350.0,9350.0
10,SHSHHSSSHS,晴朗,终止,13,9350.0,9350.0
10,SHSHHSSSHH,高温,终止,13,9350.0,9350.0
10,SHSHHSSHSS,晴朗,终止,13,9350.0,9350.0
10,SHSHHSSHSH,高温,终止,13,9350.0,9350.0
10,SHSHHSSHHS,晴朗,终止,13,9350.0,9350.0
10,SHSHHSSHHH,高温,终止,13,9350.0,9350.0
10,SHSHHSHSSS,晴朗,终止,13,9350.0,9350.0
10,SHSHHSHSSH,高温,终止,13,9350.0,9350.0
10,SHSHHSHSHS,晴朗,终止,13,9350.0,9350.0
10,SHSHHSHSHH,高温,终止,13,9350.0,9350.0
10,SHSHHSHHSS,晴朗,终止,13,9350.0,9350.0
10,SHSHHSHHSH,高温,终止,13,9350.0,9350.0
10,SHSHHSHHHS,晴朗,终止,13,9350.0,9350.0
10,SHSHHSHHHH,高温,终止,13,9350.0,9350.0
10,SHSHHHSSSS,晴朗,终止,13,9350.0,9350.0
10,SHSHHHSSSH,高温,终止,13,9350.0,9350.0
10,SHSHHHSSHS,晴朗,终止,13,9350.0,9350.0
10,SHSHHHSSHH,高温,终止,13,9350.0,9350.0
10,SHSHHHSHSS,晴朗,终止,13,9350.000000000002,9350.000000000002
10,SHSHHHSHSH,高温,终止,13,9350.000000000002,9350.000000000002
10,SHSHHHSHHS,晴朗,终止,13,9350.000000000002,9350.000000000002
10,SHSHHHSHHH,高温,终止,13,9350.000000000002,9350.000000000002
10,SHSHHHHSSS,晴朗,终止,13,9350.0,9350.0
10,SHSHHHHSSH,高温,终止,13,9350.0,9350.0
10,SHSHHHHSHS,晴朗,终止,13,9350.0,9350.0
10,SHSHHHHSHH,高温,终止,13,9350.0,9350.0
10,SHSHHHHHSS,晴朗,终止,13,9350.000000000002,9350.000000000002
10,SHSHHHHHSH,高温,终止,13,9350.000000000002,9350.000000000002
10,SHSHHHHHHS,晴朗,终止,13,9350.000000000002,9350.000000000002
10,SHSHHHHHHH,高温,终止,13,9350.000000000002,9350.000000000002
10,SHHSSSSSSS,晴朗,终止,13,9269.999999999998,9269.999999999998
10,SHHSSSSSSH,高温,终止,13,9269.999999999998,9269.999999999998
10,SHHSSSSSHS,晴朗,终止,13,9269.999999999998,9269.999999999998
10,SHHSSSSSHH,高温,终止,13,9269.999999999998,9269.999999999998
10,SHHSSSSHSS,晴朗,终止,13,9269.999999999998,9269.999999999998
10,SHHSSSSHSH,高温,终止,13,9269.999999999998,9269.999999999998
10,SHHSSSSHHS,晴朗,终止,13,9269.999999999998,9269.999999999998
10,SHHSSSSHHH,高温,终止,13,9269.999999999998,9269.999999999998
10,SHHSSSHSSS,晴朗,终止,13,9269.999999999998,9269.999999999998
10,SHHSSSHSSH,高温,终止,13,9269.999999999998,9269.999999999998
10,SHHSSSHSHS,晴朗,终止,13,9269.999999999998,9269.999999999998
10,SHHSSSHSHH,高温,终止,13,9269.999999999998,9269.999999999998
10,SHHSSSHHSS,晴朗,终止,13,9269.999999999998,9269.999999999998
10,SHHSSSHHSH,高温,终止,13,9269.999999999998,9269.999999999998
10,SHHSSSHHHS,晴朗,终止,13,9269.999999999998,9269.999999999998
10,SHHSSSHHHH,高温,终止,13,9269.999999999998,9269.999999999998
10,SHHSSHSSSS,晴朗,终止,13,9269.999999999998,9269.999999999998
10,SHHSSHSSSH,高温,终止,13,9269.999999999998,9269.999999999998
10,SHHSSHSSHS,晴朗,终止,13,9269.999999999998,9269.999999999998
10,SHHSSHSSHH,高温,终止,13,9269.999999999998,9269.999999999998
10,SHHSSHSHSS,晴朗,终止,13,9269.999999999998,9269.999999999998
10,SHHSSHSHSH,高温,终止,13,9269.999999999998,9269.999999999998
10,SHHSSHSHHS,晴朗,终止,13,9269.999999999998,9269.999999999998
10,SHHSSHSHHH,高温,终止,13,9269.999999999998,9269.999999999998
10,SHHSSHHSSS,晴朗,终止,13,9269.999999999998,9269.999999999998
10,SHHSSHHSSH,高温,终止,13,9269.999999999998,9269.999999999998
10,SHHSSHHSHS,晴朗,终止,13,9269.999999999998,9269.999999999998
10,SHHSSHHSHH,高温,终止,13,9269.999999999998,9269.999999999998
10,SHHSSHHHSS,晴朗,终止,13,9269.999999999998,9269.999999999998
10,SHHSSHHHSH,高温,终止,13,9269.999999999998,9269.999999999998
10,SHHSSHHHHS,晴朗,终止,13,9269.999999999998,9269.999999999998
10,SHHSSHHHHH,高温,终止,13,9269.999999999998,9269.999999999998
10,SHHSHSSSSS,晴朗,终止,13,9269.999999999998,9269.999999999998
10,SHHSHSSSSH,高温,终止,13,9269.999999999998,9269.999999999998
10,SHHSHSSSHS,晴朗,终止,13,9269.999999999998,9269.999999999998
10,SHHSHSSSHH,高温,终止,13,9269.999999999998,9269.999999999998
10,SHHSHSSHSS,晴朗,终止,13,9269.999999999998,9269.999999999998
10,SHHSHSSHSH,高温,终止,13,9269.999999999998,9269.999999999998
10,SHHSHSSHHS,晴朗,终止,13,9269.999999999998,9269.999999999998
10,SHHSHSSHHH,高温,终止,13,9269.999999999998,9269.999999999998
10,SHHSHSHSSS,晴朗,终止,13,9269.999999999998,9269.999999999998
10,SHHSHSHSSH,高温,终止,13,9269.999999999998,9269.999999999998
10,SHHSHSHSHS,晴朗,终止,13,9269.999999999998,9269.999999999998
10,SHHSHSHSHH,高温,终止,13,9269.999999999998,9269.999999999998
10,SHHSHSHHSS,晴朗,终止,13,9269.999999999998,9269.999999999998
10,SHHSHSHHSH,高温,终止,13,9269.999999999998,9269.999999999998
10,SHHSHSHHHS,晴朗,终止,13,9269.999999999998,9269.999999999998
10,SHHSHSHHHH,高温,终止,13,9269.999999999998,9269.999999999998
10,SHHSHHSSSS,晴朗,终止,13,9270.0,9270.0
10,SHHSHHSSSH,高温,终止,13,9270.0,9270.0
10,SHHSHHSSHS,晴朗,终止,13,9270.0,9270.0
10,SHHSHHSSHH,高温,终止,13,9270.0,9270.0
10,SHHSHHSHSS,晴朗,终止,13,9270.0,9270.0
10,SHHSHHSHSH,高温,终止,13,9270.0,9270.0
10,SHHSHHSHHS,晴朗,终止,13,9270.0,9270.0
10,SHHSHHSHHH,高温,终止,13,9270.0,9270.0
10,SHHSHHHSSS,晴朗,终止,13,9269.999999999998,9269.999999999998
10,SHHSHHHSSH,高温,终止,13,9269.999999999998,9269.999999999998
10,SHHSHHHSHS,晴朗,终止,13,9269.999999999998,9269.999999999998
10,SHHSHHHSHH,高温,终止,13,9269.999999999998,9269.999999999998
10,SHHSHHHHSS,晴朗,终止,13,9269.999999999996,9269.999999999996
10,SHHSHHHHSH,高温,终止,13,9269.999999999996,9269.999999999996
10,SHHSHHHHHS,晴朗,终止,13,9270.000000000002,9270.000000000002
10,SHHSHHHHHH,高温,终止,13,9270.0,9270.0
10,SHHHSSSSSS,晴朗,终止,13,9269.999999999998,9269.999999999998
10,SHHHSSSSSH,高温,终止,13,9269.999999999998,9269.999999999998
10,SHHHSSSSHS,晴朗,终止,13,9269.999999999998,9269.999999999998
10,SHHHSSSSHH,高温,终止,13,9269.999999999998,9269.999999999998
10,SHHHSSSHSS,晴朗,终止,13,9269.999999999998,9269.999999999998
10,SHHHSSSHSH,高温,终止,13,9269.999999999998,9269.999999999998
10,SHHHSSSHHS,晴朗,终止,13,9269.999999999998,9269.999999999998
10,SHHHSSSHHH,高温,终止,13,9269.999999999998,9269.999999999998
10,SHHHSSHSSS,晴朗,终止,13,9269.999999999998,9269.999999999998
10,SHHHSSHSSH,高温,终止,13,9269.999999999998,9269.999999999998
10,SHHHSSHSHS,晴朗,终止,13,9269.999999999998,9269.999999999998
10,SHHHSSHSHH,高温,终止,13,9269.999999999998,9269.999999999998
10,SHHHSSHHSS,晴朗,终止,13,9269.999999999998,9269.999999999998
10,SHHHSSHHSH,高温,终止,13,9269.999999999998,9269.999999999998
10,SHHHSSHHHS,晴朗,终止,13,9270.0,9270.0
10,SHHHSSHHHH,高温,终止,13,9270.0,9270.0
10,SHHHSHSSSS,晴朗,终止,13,9269.999999999998,9269.999999999998
10,SHHHSHSSSH,高温,终止,13,9269.999999999998,9269.999999999998
10,SHHHSHSSHS,晴朗,终止,13,9269.999999999998,9269.999999999998
10,SHHHSHSSHH,高温,终止,13,9269.999999999998,9269.999999999998
10,SHHHSHSHSS,晴朗,终止,13,9269.999999999998,9269.999999999998
10,SHHHSHSHSH,高温,终止,13,9269.999999999998,9269.999999999998
10,SHHHSHSHHS,晴朗,终止,13,9269.999999999998,9269.999999999998
10,SHHHSHSHHH,高温,终止,13,9269.999999999998,9269.999999999998
10,SHHHSHHSSS,晴朗,终止,13,9269.999999999998,9269.999999999998
10,SHHHSHHSSH,高温,终止,13,9269.999999999998,9269.999999999998
10,SHHHSHHSHS,晴朗,终止,13,9269.999999999998,9269.999999999998
10,SHHHSHHSHH,高温,终止,13,9269.999999999998,9269.999999999998
10,SHHHSHHHSS,晴朗,终止,13,9270.0,9270.0
10,SHHHSHHHSH,高温,终止,13,9270.0,9270.0
10,SHHHSHHHHS,晴朗,终止,13,9270.000000000002,9270.000000000002
10,SHHHSHHHHH,高温,终止,13,9270.000000000002,9270.000000000002
10,SHHHHSSSSS,晴朗,终止,13,9269.999999999998,9269.999999999998
10,SHHHHSSSSH,高温,终止,13,9269.999999999998,9269.999999999998
10,SHHHHSSSHS,晴朗,终止,13,9269.999999999998,9269.999999999998
10,SHHHHSSSHH,高温,终止,13,9269.999999999998,9269.999999999998
10,SHHHHSSHSS,晴朗,终止,13,9269.999999999998,9269.999999999998
10,SHHHHSSHSH,高温,终止,13,9269.999999999998,9269.999999999998
10,SHHHHSSHHS,晴朗,终止,13,9269.999999999998,9269.999999999998
10,SHHHHSSHHH,高温,终止,13,9269.999999999998,9269.999999999998
10,SHHHHSHSSS,晴朗,终止,13,9270.0,9270.0
10,SHHHHSHSSH,高温,终止,13,9270.0,9270.0
10,SHHHHSHSHS,晴朗,终止,13,9270.0,9270.0
10,SHHHHSHSHH,高温,终止,13,9270.0,9270.0
10,SHHHHSHHSS,晴朗,终止,13,9270.0,9270.0
10,SHHHHSHHSH,高温,终止,13,9270.0,9270.0
10,SHHHHSHHHS,晴朗,终止,13,9270.0,9270.0
10,SHHHHSHHHH,高温,终止,13,9270.0,9270.0
10,SHHHHHSSSS,晴朗,终止,13,9269.999999999998,9269.999999999998
10,SHHHHHSSSH,高温,终止,13,9269.999999999998,9269.999999999998
10,SHHHHHSSHS,晴朗,终止,13,9269.999999999998,9269.999999999998
10,SHHHHHSSHH,高温,终止,13,9269.999999999998,9269.999999999998
10,SHHHHHSHSS,晴朗,终止,13,9269.999999999998,9269.999999999998
10,SHHHHHSHSH,高温,终止,13,9269.999999999998,9269.999999999998
10,SHHHHHSHHS,晴朗,终止,13,9269.999999999998,9269.999999999998
10,SHHHHHSHHH,高温,终止,13,9269.999999999998,9269.999999999998
10,SHHHHHHSSS,晴朗,终止,13,9269.999999999998,9269.999999999998
10,SHHHHHHSSH,高温,终止,13,9269.999999999998,9269.999999999998
10,SHHHHHHSHS,晴朗,终止,13,9269.999999999998,9269.999999999998
10,SHHHHHHSHH,高温,终止,13,9269.999999999998,9269.999999999998
10,SHHHHHHHSS,晴朗,终止,13,9270.0,9270.0
10,SHHHHHHHSH,高温,终止,13,9270.0,9270.0
10,SHHHHHHHHS,晴朗,终止,13,9270.0,9270.0
10,SHHHHHHHHH,高温,终止,13,9270.0,9270.0
10,HSSSSSSSSS,晴朗,终止,13,9350.0,9350.0
10,HSSSSSSSSH,高温,终止,13,9350.0,9350.0
10,HSSSSSSSHS,晴朗,终止,13,9350.0,9350.0
10,HSSSSSSSHH,高温,终止,13,9350.0,9350.0
10,HSSSSSSHSS,晴朗,终止,13,9350.0,9350.0
10,HSSSSSSHSH,高温,终止,13,9350.0,9350.0
10,HSSSSSSHHS,晴朗,终止,13,9350.0,9350.0
10,HSSSSSSHHH,高温,终止,13,9350.0,9350.0
10,HSSSSSHSSS,晴朗,终止,13,9350.0,9350.0
10,HSSSSSHSSH,高温,终止,13,9350.0,9350.0
10,HSSSSSHSHS,晴朗,终止,13,9350.0,9350.0
10,HSSSSSHSHH,高温,终止,13,9350.0,9350.0
10,HSSSSSHHSS,晴朗,终止,13,9350.0,9350.0
10,HSSSSSHHSH,高温,终止,13,9350.0,9350.0
10,HSSSSSHHHS,晴朗,终止,13,9350.0,9350.0
10,HSSSSSHHHH,高温,终止,13,9350.0,9350.0
10,HSSSSHSSSS,晴朗,终止,13,9350.0,9350.0
10,HSSSSHSSSH,高温,终止,13,9350.0,9350.0
10,HSSSSHSSHS,晴朗,终止,13,9350.0,9350.0
10,HSSSSHSSHH,高温,终止,13,9350.0,9350.0
10,HSSSSHSHSS,晴朗,终止,13,9350.0,9350.0
10,HSSSSHSHSH,高温,终止,13,9350.0,9350.0
10,HSSSSHSHHS,晴朗,终止,13,9350.0,9350.0
10,HSSSSHSHHH,高温,终止,13,9350.0,9350.0
10,HSSSSHHSSS,晴朗,终止,13,9350.0,9350.0
10,HSSSSHHSSH,高温,终止,13,9350.0,9350.0
10,HSSSSHHSHS,晴朗,终止,13,9350.0,9350.0
10,HSSSSHHSHH,高温,终止,13,9350.0,9350.0
10,HSSSSHHHSS,晴朗,终止,13,9350.0,9350.0
10,HSSSSHHHSH,高温,终止,13,9350.0,9350.0
10,HSSSSHHHHS,晴朗,终止,13,9350.0,9350.0
10,HSSSSHHHHH,高温,终止,13,9350.0,9350.0
10,HSSSHSSSSS,晴朗,终止,13,9350.0,9350.0
10,HSSSHSSSSH,高温,终止,13,9350.0,9350.0
10,HSSSHSSSHS,晴朗,终止,13,9350.0,9350.0
10,HSSSHSSSHH,高温,终止,13,9350.0,9350.0
10,HSSSHSSHSS,晴朗,终止,13,9350.0,9350.0
10,HSSSHSSHSH,高温,终止,13,9350.0,9350.0
10,HSSSHSSHHS,晴朗,终止,13,9350.0,9350.0
10,HSSSHSSHHH,高温,终止,13,9350.0,9350.0
10,HSSSHSHSSS,晴朗,终止,13,9350.0,9350.0
10,HSSSHSHSSH,高温,终止,13,9350.0,9350.0
10,HSSSHSHSHS,晴朗,终止,13,9350.0,9350.0
10,HSSSHSHSHH,高温,终止,13,9350.0,9350.0
10,HSSSHSHHSS,晴朗,终止,13,9350.0,9350.0
10,HSSSHSHHSH,高温,终止,13,9350.0,9350.0
10,HSSSHSHHHS,晴朗,终止,13,9350.0,9350.0
10,HSSSHSHHHH,高温,终止,13,9350.0,9350.0
10,HSSSHHSSSS,晴朗,终止,13,9350.0,9350.0
10,HSSSHHSSSH,高温,终止,13,9350.0,9350.0
10,HSSSHHSSHS,晴朗,终止,13,9350.0,9350.0
10,HSSSHHSSHH,高温,终止,13,9350.0,9350.0
10,HSSSHHSHSS,晴朗,终止,13,9350.0,9350.0
10,HSSSHHSHSH,高温,终止,13,9350.0,9350.0
10,HSSSHHSHHS,晴朗,终止,13,9350.0,9350.0
10,HSSSHHSHHH,高温,终止,13,9350.0,9350.0
10,HSSSHHHSSS,晴朗,终止,13,9350.0,9350.0
10,HSSSHHHSSH,高温,终止,13,9350.0,9350.0
10,HSSSHHHSHS,晴朗,终止,13,9350.0,9350.0
10,HSSSHHHSHH,高温,终止,13,9350.0,9350.0
10,HSSSHHHHSS,晴朗,终止,13,9350.0,9350.0
10,HSSSHHHHSH,高温,终止,13,9350.0,9350.0
10,HSSSHHHHHS,晴朗,终止,13,9350.0,9350.0
10,HSSSHHHHHH,高温,终止,13,9350.0,9350.0
10,HSSHSSSSSS,晴朗,终止,13,9350.0,9350.0
10,HSSHSSSSSH,高温,终止,13,9350.0,9350.0
10,HSSHSSSSHS,晴朗,终止,13,9350.0,9350.0
10,HSSHSSSSHH,高温,终止,13,9350.0,9350.0
10,HSSHSSSHSS,晴朗,终止,13,9350.0,9350.0
10,HSSHSSSHSH,高温,终止,13,9350.0,9350.0
10,HSSHSSSHHS,晴朗,终止,13,9350.0,9350.0
10,HSSHSSSHHH,高温,终止,13,9350.0,9350.0
10,HSSHSSHSSS,晴朗,终止,13,9350.0,9350.0
10,HSSHSSHSSH,高温,终止,13,9350.0,9350.0
10,HSSHSSHSHS,晴朗,终止,13,9350.0,9350.0
10,HSSHSSHSHH,高温,终止,13,9350.0,9350.0
10,HSSHSSHHSS,晴朗,终止,13,9350.0,9350.0
10,HSSHSSHHSH,高温,终止,13,9350.0,9350.0
10,HSSHSSHHHS,晴朗,终止,13,9350.0,9350.0
10,HSSHSSHHHH,高温,终止,13,9350.0,9350.0
10,HSSHSHSSSS,晴朗,终止,13,9350.0,9350.0
10,HSSHSHSSSH,高温,终止,13,9350.0,9350.0
10,HSSHSHSSHS,晴朗,终止,13,9350.0,9350.0
10,HSSHSHSSHH,高温,终止,13,9350.0,9350.0
10,HSSHSHSHSS,晴朗,终止,13,9350.0,9350.0
10,HSSHSHSHSH,高温,终止,13,9350.0,9350.0
10,HSSHSHSHHS,晴朗,终止,13,9350.0,9350.0
10,HSSHSHSHHH,高温,终止,13,9350.0,9350.0
10,HSSHSHHSSS,晴朗,终止,13,9350.0,9350.0
10,HSSHSHHSSH,高温,终止,13,9350.0,9350.0
10,HSSHSHHSHS,晴朗,终止,13,9350.0,9350.0
10,HSSHSHHSHH,高温,终止,13,9350.0,9350.0
10,HSSHSHHHSS,晴朗,终止,13,9350.0,9350.0
10,HSSHSHHHSH,高温,终止,13,9350.0,9350.0
10,HSSHSHHHHS,晴朗,终止,13,9350.0,9350.0
10,HSSHSHHHHH,高温,终止,13,9350.0,9350.0
10,HSSHHSSSSS,晴朗,终止,13,9350.0,9350.0
10,HSSHHSSSSH,高温,终止,13,9350.0,9350.0
10,HSSHHSSSHS,晴朗,终止,13,9350.0,9350.0
10,HSSHHSSSHH,高温,终止,13,9350.0,9350.0
10,HSSHHSSHSS,晴朗,终止,13,9350.0,9350.0
10,HSSHHSSHSH,高温,终止,13,9350.0,9350.0
10,HSSHHSSHHS,晴朗,终止,13,9350.0,9350.0
10,HSSHHSSHHH,高温,终止,13,9350.0,9350.0
10,HSSHHSHSSS,晴朗,终止,13,9350.0,9350.0
10,HSSHHSHSSH,高温,终止,13,9350.0,9350.0
10,HSSHHSHSHS,晴朗,终止,13,9350.0,9350.0
10,HSSHHSHSHH,高温,终止,13,9350.0,9350.0
10,HSSHHSHHSS,晴朗,终止,13,9350.0,9350.0
10,HSSHHSHHSH,高温,终止,13,9350.0,9350.0
10,HSSHHSHHHS,晴朗,终止,13,9350.0,9350.0
10,HSSHHSHHHH,高温,终止,13,9350.0,9350.0
10,HSSHHHSSSS,晴朗,终止,13,9350.0,9350.0
10,HSSHHHSSSH,高温,终止,13,9350.0,9350.0
10,HSSHHHSSHS,晴朗,终止,13,9350.0,9350.0
10,HSSHHHSSHH,高温,终止,13,9350.0,9350.0
10,HSSHHHSHSS,晴朗,终止,13,9350.0,9350.0
10,HSSHHHSHSH,高温,终止,13,9350.0,9350.0
10,HSSHHHSHHS,晴朗,终止,13,9350.0,9350.0
10,HSSHHHSHHH,高温,终止,13,9350.0,9350.0
10,HSSHHHHSSS,晴朗,终止,13,9350.0,9350.0
10,HSSHHHHSSH,高温,终止,13,9350.0,9350.0
10,HSSHHHHSHS,晴朗,终止,13,9350.0,9350.0
10,HSSHHHHSHH,高温,终止,13,9350.0,9350.0
10,HSSHHHHHSS,晴朗,终止,13,9350.0,9350.0
10,HSSHHHHHSH,高温,终止,13,9350.0,9350.0
10,HSSHHHHHHS,晴朗,终止,13,9350.0,9350.0
10,HSSHHHHHHH,高温,终止,13,9350.0,9350.0
10,HSHSSSSSSS,晴朗,终止,13,9270.0,9270.0
10,HSHSSSSSSH,高温,终止,13,9270.0,9270.0
10,HSHSSSSSHS,晴朗,终止,13,9270.0,9270.0
10,HSHSSSSSHH,高温,终止,13,9270.0,9270.0
10,HSHSSSSHSS,晴朗,终止,13,9270.0,9270.0
10,HSHSSSSHSH,高温,终止,13,9270.0,9270.0
10,HSHSSSSHHS,晴朗,终止,13,9270.0,9270.0
10,HSHSSSSHHH,高温,终止,13,9270.0,9270.0
10,HSHSSSHSSS,晴朗,终止,13,9270.0,9270.0
10,HSHSSSHSSH,高温,终止,13,9270.0,9270.0
10,HSHSSSHSHS,晴朗,终止,13,9270.0,9270.0
10,HSHSSSHSHH,高温,终止,13,9270.0,9270.0
10,HSHSSSHHSS,晴朗,终止,13,9270.0,9270.0
10,HSHSSSHHSH,高温,终止,13,9270.0,9270.0
10,HSHSSSHHHS,晴朗,终止,13,9270.0,9270.0
10,HSHSSSHHHH,高温,终止,13,9270.0,9270.0
10,HSHSSHSSSS,晴朗,终止,13,9270.0,9270.0
10,HSHSSHSSSH,高温,终止,13,9270.0,9270.0
10,HSHSSHSSHS,晴朗,终止,13,9270.0,9270.0
10,HSHSSHSSHH,高温,终止,13,9270.0,9270.0
10,HSHSSHSHSS,晴朗,终止,13,9270.0,9270.0
10,HSHSSHSHSH,高温,终止,13,9270.0,9270.0
10,HSHSSHSHHS,晴朗,终止,13,9270.0,9270.0
10,HSHSSHSHHH,高温,终止,13,9270.0,9270.0
10,HSHSSHHSSS,晴朗,终止,13,9270.0,9270.0
10,HSHSSHHSSH,高温,终止,13,9270.0,9270.0
10,HSHSSHHSHS,晴朗,终止,13,9270.0,9270.0
10,HSHSSHHSHH,高温,终止,13,9270.0,9270.0
10,HSHSSHHHSS,晴朗,终止,13,9270.0,9270.0
10,HSHSSHHHSH,高温,终止,13,9270.0,9270.0
10,HSHSSHHHHS,晴朗,终止,13,9270.0,9270.0
10,HSHSSHHHHH,高温,终止,13,9270.0,9270.0
10,HSHSHSSSSS,晴朗,终止,13,9270.0,9270.0
10,HSHSHSSSSH,高温,终止,13,9270.0,9270.0
10,HSHSHSSSHS,晴朗,终止,13,9270.0,9270.0
10,HSHSHSSSHH,高温,终止,13,9270.0,9270.0
10,HSHSHSSHSS,晴朗,终止,13,9270.0,9270.0
10,HSHSHSSHSH,高温,终止,13,9270.0,9270.0
10,HSHSHSSHHS,晴朗,终止,13,9270.0,9270.0
10,HSHSHSSHHH,高温,终止,13,9270.0,9270.0
10,HSHSHSHSSS,晴朗,终止,13,9270.0,9270.0
10,HSHSHSHSSH,高温,终止,13,9270.0,9270.0
10,HSHSHSHSHS,晴朗,终止,13,9270.0,9270.0
10,HSHSHSHSHH,高温,终止,13,9270.0,9270.0
10,HSHSHSHHSS,晴朗,终止,13,9270.0,9270.0
10,HSHSHSHHSH,高温,终止,13,9270.0,9270.0
10,HSHSHSHHHS,晴朗,终止,13,9270.0,9270.0
10,HSHSHSHHHH,高温,终止,13,9270.0,9270.0
10,HSHSHHSSSS,晴朗,终止,13,9270.0,9270.0
10,HSHSHHSSSH,高温,终止,13,9270.0,9270.0
10,HSHSHHSSHS,晴朗,终止,13,9270.0,9270.0
10,HSHSHHSSHH,高温,终止,13,9270.0,9270.0
10,HSHSHHSHSS,晴朗,终止,13,9270.0,9270.0
10,HSHSHHSHSH,高温,终止,13,9270.0,9270.0
10,HSHSHHSHHS,晴朗,终止,13,9270.0,9270.0
10,HSHSHHSHHH,高温,终止,13,9270.0,9270.0
10,HSHSHHHSSS,晴朗,终止,13,9270.0,9270.0
10,HSHSHHHSSH,高温,终止,13,9270.0,9270.0
10,HSHSHHHSHS,晴朗,终止,13,9270.0,9270.0
10,HSHSHHHSHH,高温,终止,13,9270.0,9270.0
10,HSHSHHHHSS,晴朗,终止,13,9270.0,9270.0
10,HSHSHHHHSH,高温,终止,13,9270.0,9270.0
10,HSHSHHHHHS,晴朗,终止,13,9270.0,9270.0
10,HSHSHHHHHH,高温,终止,13,9270.0,9270.0
10,HSHHSSSSSS,晴朗,终止,13,9269.999999999998,9269.999999999998
10,HSHHSSSSSH,高温,终止,13,9269.999999999998,9269.999999999998
10,HSHHSSSSHS,晴朗,终止,13,9269.999999999998,9269.999999999998
10,HSHHSSSSHH,高温,终止,13,9269.999999999998,9269.999999999998
10,HSHHSSSHSS,晴朗,终止,13,9269.999999999998,9269.999999999998
10,HSHHSSSHSH,高温,终止,13,9269.999999999998,9269.999999999998
10,HSHHSSSHHS,晴朗,终止,13,9269.999999999998,9269.999999999998
10,HSHHSSSHHH,高温,终止,13,9269.999999999998,9269.999999999998
10,HSHHSSHSSS,晴朗,终止,13,9269.999999999998,9269.999999999998
10,HSHHSSHSSH,高温,终止,13,9269.999999999998,9269.999999999998
10,HSHHSSHSHS,晴朗,终止,13,9269.999999999998,9269.999999999998
10,HSHHSSHSHH,高温,终止,13,9269.999999999998,9269.999999999998
10,HSHHSSHHSS,晴朗,终止,13,9269.999999999998,9269.999999999998
10,HSHHSSHHSH,高温,终止,13,9269.999999999998,9269.999999999998
10,HSHHSSHHHS,晴朗,终止,13,9269.999999999998,9269.999999999998
10,HSHHSSHHHH,高温,终止,13,9269.999999999998,9269.999999999998
10,HSHHSHSSSS,晴朗,终止,13,9269.999999999998,9269.999999999998
10,HSHHSHSSSH,高温,终止,13,9269.999999999998,9269.999999999998
10,HSHHSHSSHS,晴朗,终止,13,9269.999999999998,9269.999999999998
10,HSHHSHSSHH,高温,终止,13,9269.999999999998,9269.999999999998
10,HSHHSHSHSS,晴朗,终止,13,9269.999999999998,9269.999999999998
10,HSHHSHSHSH,高温,终止,13,9269.999999999998,9269.999999999998
10,HSHHSHSHHS,晴朗,终止,13,9269.999999999998,9269.999999999998
10,HSHHSHSHHH,高温,终止,13,9269.999999999998,9269.999999999998
10,HSHHSHHSSS,晴朗,终止,13,9269.999999999998,9269.999999999998
10,HSHHSHHSSH,高温,终止,13,9269.999999999998,9269.999999999998
10,HSHHSHHSHS,晴朗,终止,13,9269.999999999998,9269.999999999998
10,HSHHSHHSHH,高温,终止,13,9269.999999999998,9269.999999999998
10,HSHHSHHHSS,晴朗,终止,13,9269.999999999998,9269.999999999998
10,HSHHSHHHSH,高温,终止,13,9269.999999999998,9269.999999999998
10,HSHHSHHHHS,晴朗,终止,13,9270.0,9270.0
10,HSHHSHHHHH,高温,终止,13,9270.000000000002,9270.000000000002
10,HSHHHSSSSS,晴朗,终止,13,9269.999999999998,9269.999999999998
10,HSHHHSSSSH,高温,终止,13,9269.999999999998,9269.999999999998
10,HSHHHSSSHS,晴朗,终止,13,9269.999999999998,9269.999999999998
10,HSHHHSSSHH,高温,终止,13,9269.999999999998,9269.999999999998
10,HSHHHSSHSS,晴朗,终止,13,9269.999999999998,9269.999999999998
10,HSHHHSSHSH,高温,终止,13,9269.999999999998,9269.999999999998
10,HSHHHSSHHS,晴朗,终止,13,9269.999999999998,9269.999999999998
10,HSHHHSSHHH,高温,终止,13,9269.999999999998,9269.999999999998
10,HSHHHSHSSS,晴朗,终止,13,9270.0,9270.0
10,HSHHHSHSSH,高温,终止,13,9270.0,9270.0
10,HSHHHSHSHS,晴朗,终止,13,9270.0,9270.0
10,HSHHHSHSHH,高温,终止,13,9270.0,9270.0
10,HSHHHSHHSS,晴朗,终止,13,9270.0,9270.0
10,HSHHHSHHSH,高温,终止,13,9270.0,9270.0
10,HSHHHSHHHS,晴朗,终止,13,9270.0,9270.0
10,HSHHHSHHHH,高温,终止,13,9270.0,9270.0
10,HSHHHHSSSS,晴朗,终止,13,9270.0,9270.0
10,HSHHHHSSSH,高温,终止,13,9270.0,9270.0
10,HSHHHHSSHS,晴朗,终止,13,9270.0,9270.0
10,HSHHHHSSHH,高温,终止,13,9270.0,9270.0
10,HSHHHHSHSS,晴朗,终止,13,9270.0,9270.0
10,HSHHHHSHSH,高温,终止,13,9270.0,9270.0
10,HSHHHHSHHS,晴朗,终止,13,9270.0,9270.0
10,HSHHHHSHHH,高温,终止,13,9270.0,9270.0
10,HSHHHHHSSS,晴朗,终止,13,9270.0,9270.0
10,HSHHHHHSSH,高温,终止,13,9270.0,9270.0
10,HSHHHHHSHS,晴朗,终止,13,9270.0,9270.0
10,HSHHHHHSHH,高温,终止,13,9270.0,9270.0
10,HSHHHHHHSS,晴朗,终止,13,9270.0,9270.0
10,HSHHHHHHSH,高温,终止,13,9270.0,9270.0
10,HSHHHHHHHS,晴朗,终止,13,9270.0,9270.0
10,HSHHHHHHHH,高温,终止,13,9270.0,9270.0
10,HHSSSSSSSS,晴朗,终止,13,9270.0,9270.0
10,HHSSSSSSSH,高温,终止,13,9270.0,9270.0
10,HHSSSSSSHS,晴朗,终止,13,9270.0,9270.0
10,HHSSSSSSHH,高温,终止,13,9270.0,9270.0
10,HHSSSSSHSS,晴朗,终止,13,9270.0,9270.0
10,HHSSSSSHSH,高温,终止,13,9270.0,9270.0
10,HHSSSSSHHS,晴朗,终止,13,9270.0,9270.0
10,HHSSSSSHHH,高温,终止,13,9270.0,9270.0
10,HHSSSSHSSS,晴朗,终止,13,9270.0,9270.0
10,HHSSSSHSSH,高温,终止,13,9270.0,9270.0
10,HHSSSSHSHS,晴朗,终止,13,9270.0,9270.0
10,HHSSSSHSHH,高温,终止,13,9270.0,9270.0
10,HHSSSSHHSS,晴朗,终止,13,9270.0,9270.0
10,HHSSSSHHSH,高温,终止,13,9270.0,9270.0
10,HHSSSSHHHS,晴朗,终止,13,9270.0,9270.0
10,HHSSSSHHHH,高温,终止,13,9270.0,9270.0
10,HHSSSHSSSS,晴朗,终止,13,9270.0,9270.0
10,HHSSSHSSSH,高温,终止,13,9270.0,9270.0
10,HHSSSHSSHS,晴朗,终止,13,9270.0,9270.0
10,HHSSSHSSHH,高温,终止,13,9270.0,9270.0
10,HHSSSHSHSS,晴朗,终止,13,9270.0,9270.0
10,HHSSSHSHSH,高温,终止,13,9270.0,9270.0
10,HHSSSHSHHS,晴朗,终止,13,9270.0,9270.0
10,HHSSSHSHHH,高温,终止,13,9270.0,9270.0
10,HHSSSHHSSS,晴朗,终止,13,9270.0,9270.0
10,HHSSSHHSSH,高温,终止,13,9270.0,9270.0
10,HHSSSHHSHS,晴朗,终止,13,9270.0,9270.0
10,HHSSSHHSHH,高温,终止,13,9270.0,9270.0
10,HHSSSHHHSS,晴朗,终止,13,9270.0,9270.0
10,HHSSSHHHSH,高温,终止,13,9270.0,9270.0
10,HHSSSHHHHS,晴朗,终止,13,9270.0,9270.0
10,HHSSSHHHHH,高温,终止,13,9270.0,9270.0
10,HHSSHSSSSS,晴朗,终止,13,9270.0,9270.0
10,HHSSHSSSSH,高温,终止,13,9270.0,9270.0
10,HHSSHSSSHS,晴朗,终止,13,9270.0,9270.0
10,HHSSHSSSHH,高温,终止,13,9270.0,9270.0
10,HHSSHSSHSS,晴朗,终止,13,9270.0,9270.0
10,HHSSHSSHSH,高温,终止,13,9270.0,9270.0
10,HHSSHSSHHS,晴朗,终止,13,9270.0,9270.0
10,HHSSHSSHHH,高温,终止,13,9270.0,9270.0
10,HHSSHSHSSS,晴朗,终止,13,9270.0,9270.0
10,HHSSHSHSSH,高温,终止,13,9270.0,9270.0
10,HHSSHSHSHS,晴朗,终止,13,9270.0,9270.0
10,HHSSHSHSHH,高温,终止,13,9270.0,9270.0
10,HHSSHSHHSS,晴朗,终止,13,9270.0,9270.0
10,HHSSHSHHSH,高温,终止,13,9270.0,9270.0
10,HHSSHSHHHS,晴朗,终止,13,9270.0,9270.0
10,HHSSHSHHHH,高温,终止,13,9270.0,9270.0
10,HHSSHHSSSS,晴朗,终止,13,9270.0,9270.0
10,HHSSHHSSSH,高温,终止,13,9270.0,9270.0
10,HHSSHHSSHS,晴朗,终止,13,9270.0,9270.0
10,HHSSHHSSHH,高温,终止,13,9270.0,9270.0
10,HHSSHHSHSS,晴朗,终止,13,9270.0,9270.0
10,HHSSHHSHSH,高温,终止,13,9270.0,9270.0
10,HHSSHHSHHS,晴朗,终止,13,9270.0,9270.0
10,HHSSHHSHHH,高温,终止,13,9270.0,9270.0
10,HHSSHHHSSS,晴朗,终止,13,9270.0,9270.0
10,HHSSHHHSSH,高温,终止,13,9270.0,9270.0
10,HHSSHHHSHS,晴朗,终止,13,9270.0,9270.0
10,HHSSHHHSHH,高温,终止,13,9270.0,9270.0
10,HHSSHHHHSS,晴朗,终止,13,9270.0,9270.0
10,HHSSHHHHSH,高温,终止,13,9270.0,9270.0
10,HHSSHHHHHS,晴朗,终止,13,9270.0,9270.0
10,HHSSHHHHHH,高温,终止,13,9270.0,9270.0
10,HHSHSSSSSS,晴朗,终止,13,9270.0,9270.0
10,HHSHSSSSSH,高温,终止,13,9270.0,9270.0
10,HHSHSSSSHS,晴朗,终止,13,9270.0,9270.0
10,HHSHSSSSHH,高温,终止,13,9270.0,9270.0
10,HHSHSSSHSS,晴朗,终止,13,9270.0,9270.0
10,HHSHSSSHSH,高温,终止,13,9270.0,9270.0
10,HHSHSSSHHS,晴朗,终止,13,9270.0,9270.0
10,HHSHSSSHHH,高温,终止,13,9270.0,9270.0
10,HHSHSSHSSS,晴朗,终止,13,9270.0,9270.0
10,HHSHSSHSSH,高温,终止,13,9270.0,9270.0
10,HHSHSSHSHS,晴朗,终止,13,9270.0,9270.0
10,HHSHSSHSHH,高温,终止,13,9270.0,9270.0
10,HHSHSSHHSS,晴朗,终止,13,9270.0,9270.0
10,HHSHSSHHSH,高温,终止,13,9270.0,9270.0
10,HHSHSSHHHS,晴朗,终止,13,9270.0,9270.0
10,HHSHSSHHHH,高温,终止,13,9270.0,9270.0
10,HHSHSHSSSS,晴朗,终止,13,9270.0,9270.0
10,HHSHSHSSSH,高温,终止,13,9270.0,9270.0
10,HHSHSHSSHS,晴朗,终止,13,9270.0,9270.0
10,HHSHSHSSHH,高温,终止,13,9270.0,9270.0
10,HHSHSHSHSS,晴朗,终止,13,9270.0,9270.0
10,HHSHSHSHSH,高温,终止,13,9270.0,9270.0
10,HHSHSHSHHS,晴朗,终止,13,9270.0,9270.0
10,HHSHSHSHHH,高温,终止,13,9270.0,9270.0
10,HHSHSHHSSS,晴朗,终止,13,9270.0,9270.0
10,HHSHSHHSSH,高温,终止,13,9270.0,9270.0
10,HHSHSHHSHS,晴朗,终止,13,9270.0,9270.0
10,HHSHSHHSHH,高温,终止,13,9270.0,9270.0
10,HHSHSHHHSS,晴朗,终止,13,9270.0,9270.0
10,HHSHSHHHSH,高温,终止,13,9270.0,9270.0
10,HHSHSHHHHS,晴朗,终止,13,9270.0,9270.0
10,HHSHSHHHHH,高温,终止,13,9270.0,9270.0
10,HHSHHSSSSS,晴朗,终止,13,9270.0,9270.0
10,HHSHHSSSSH,高温,终止,13,9270.0,9270.0
10,HHSHHSSSHS,晴朗,终止,13,9270.0,9270.0
10,HHSHHSSSHH,高温,终止,13,9270.0,9270.0
10,HHSHHSSHSS,晴朗,终止,13,9270.0,9270.0
10,HHSHHSSHSH,高温,终止,13,9270.0,9270.0
10,HHSHHSSHHS,晴朗,终止,13,9270.0,9270.0
10,HHSHHSSHHH,高温,终止,13,9270.0,9270.0
10,HHSHHSHSSS,晴朗,终止,13,9270.0,9270.0
10,HHSHHSHSSH,高温,终止,13,9270.0,9270.0
10,HHSHHSHSHS,晴朗,终止,13,9270.0,9270.0
10,HHSHHSHSHH,高温,终止,13,9270.0,9270.0
10,HHSHHSHHSS,晴朗,终止,13,9270.0,9270.0
10,HHSHHSHHSH,高温,终止,13,9270.0,9270.0
10,HHSHHSHHHS,晴朗,终止,13,9270.0,9270.0
10,HHSHHSHHHH,高温,终止,13,9270.0,9270.0
10,HHSHHHSSSS,晴朗,终止,13,9270.0,9270.0
10,HHSHHHSSSH,高温,终止,13,9270.0,9270.0
10,HHSHHHSSHS,晴朗,终止,13,9270.0,9270.0
10,HHSHHHSSHH,高温,终止,13,9270.0,9270.0
10,HHSHHHSHSS,晴朗,终止,13,9270.0,9270.0
10,HHSHHHSHSH,高温,终止,13,9270.0,9270.0
10,HHSHHHSHHS,晴朗,终止,13,9270.0,9270.0
10,HHSHHHSHHH,高温,终止,13,9270.0,9270.0
10,HHSHHHHSSS,晴朗,终止,13,9270.0,9270.0
10,HHSHHHHSSH,高温,终止,13,9270.0,9270.0
10,HHSHHHHSHS,晴朗,终止,13,9270.0,9270.0
10,HHSHHHHSHH,高温,终止,13,9270.0,9270.0
10,HHSHHHHHSS,晴朗,终止,13,9270.0,9270.0
10,HHSHHHHHSH,高温,终止,13,9270.0,9270.0
10,HHSHHHHHHS,晴朗,终止,13,9270.0,9270.0
10,HHSHHHHHHH,高温,终止,13,9270.0,9270.0
10,HHHSSSSSSS,晴朗,终止,13,9190.0,9190.0
10,HHHSSSSSSH,高温,终止,13,9190.0,9190.0
10,HHHSSSSSHS,晴朗,终止,13,9190.0,9190.0
10,HHHSSSSSHH,高温,终止,13,9190.0,9190.0
10,HHHSSSSHSS,晴朗,终止,13,9190.0,9190.0
10,HHHSSSSHSH,高温,终止,13,9190.0,9190.0
10,HHHSSSSHHS,晴朗,终止,13,9190.0,9190.0
10,HHHSSSSHHH,高温,终止,13,9190.0,9190.0
10,HHHSSSHSSS,晴朗,终止,13,9190.0,9190.0
10,HHHSSSHSSH,高温,终止,13,9190.0,9190.0
10,HHHSSSHSHS,晴朗,终止,13,9190.0,9190.0
10,HHHSSSHSHH,高温,终止,13,9190.0,9190.0
10,HHHSSSHHSS,晴朗,终止,13,9190.0,9190.0
10,HHHSSSHHSH,高温,终止,13,9190.0,9190.0
10,HHHSSSHHHS,晴朗,终止,13,9190.0,9190.0
10,HHHSSSHHHH,高温,终止,13,9190.0,9190.0
10,HHHSSHSSSS,晴朗,终止,13,9190.0,9190.0
10,HHHSSHSSSH,高温,终止,13,9190.0,9190.0
10,HHHSSHSSHS,晴朗,终止,13,9190.0,9190.0
10,HHHSSHSSHH,高温,终止,13,9190.0,9190.0
10,HHHSSHSHSS,晴朗,终止,13,9190.0,9190.0
10,HHHSSHSHSH,高温,终止,13,9190.0,9190.0
10,HHHSSHSHHS,晴朗,终止,13,9190.0,9190.0
10,HHHSSHSHHH,高温,终止,13,9190.0,9190.0
10,HHHSSHHSSS,晴朗,终止,13,9190.0,9190.0
10,HHHSSHHSSH,高温,终止,13,9190.0,9190.0
10,HHHSSHHSHS,晴朗,终止,13,9190.0,9190.0
10,HHHSSHHSHH,高温,终止,13,9190.0,9190.0
10,HHHSSHHHSS,晴朗,终止,13,9190.0,9190.0
10,HHHSSHHHSH,高温,终止,13,9190.0,9190.0
10,HHHSSHHHHS,晴朗,终止,13,9190.0,9190.0
10,HHHSSHHHHH,高温,终止,13,9190.0,9190.0
10,HHHSHSSSSS,晴朗,终止,13,9190.0,9190.0
10,HHHSHSSSSH,高温,终止,13,9190.0,9190.0
10,HHHSHSSSHS,晴朗,终止,13,9190.0,9190.0
10,HHHSHSSSHH,高温,终止,13,9190.0,9190.0
10,HHHSHSSHSS,晴朗,终止,13,9190.0,9190.0
10,HHHSHSSHSH,高温,终止,13,9190.0,9190.0
10,HHHSHSSHHS,晴朗,终止,13,9190.0,9190.0
10,HHHSHSSHHH,高温,终止,13,9190.0,9190.0
10,HHHSHSHSSS,晴朗,终止,13,9190.0,9190.0
10,HHHSHSHSSH,高温,终止,13,9190.0,9190.0
10,HHHSHSHSHS,晴朗,终止,13,9190.0,9190.0
10,HHHSHSHSHH,高温,终止,13,9190.0,9190.0
10,HHHSHSHHSS,晴朗,终止,13,9190.0,9190.0
10,HHHSHSHHSH,高温,终止,13,9190.0,9190.0
10,HHHSHSHHHS,晴朗,终止,13,9190.0,9190.0
10,HHHSHSHHHH,高温,终止,13,9190.0,9190.0
10,HHHSHHSSSS,晴朗,终止,13,9190.0,9190.0
10,HHHSHHSSSH,高温,终止,13,9190.0,9190.0
10,HHHSHHSSHS,晴朗,终止,13,9190.0,9190.0
10,HHHSHHSSHH,高温,终止,13,9190.0,9190.0
10,HHHSHHSHSS,晴朗,终止,13,9190.0,9190.0
10,HHHSHHSHSH,高温,终止,13,9190.0,9190.0
10,HHHSHHSHHS,晴朗,终止,13,9190.0,9190.0
10,HHHSHHSHHH,高温,终止,13,9190.0,9190.0
10,HHHSHHHSSS,晴朗,终止,13,9190.0,9190.0
10,HHHSHHHSSH,高温,终止,13,9190.0,9190.0
10,HHHSHHHSHS,晴朗,终止,13,9190.0,9190.0
10,HHHSHHHSHH,高温,终止,13,9190.0,9190.0
10,HHHSHHHHSS,晴朗,终止,13,9190.0,9190.0
10,HHHSHHHHSH,高温,终止,13,9190.0,9190.0
10,HHHSHHHHHS,晴朗,终止,13,9190.0,9190.0
10,HHHSHHHHHH,高温,终止,13,9190.0,9190.0
10,HHHHSSSSSS,晴朗,终止,13,9190.0,9190.0
10,HHHHSSSSSH,高温,终止,13,9190.0,9190.0
10,HHHHSSSSHS,晴朗,终止,13,9190.0,9190.0
10,HHHHSSSSHH,高温,终止,13,9190.0,9190.0
10,HHHHSSSHSS,晴朗,终止,13,9190.0,9190.0
10,HHHHSSSHSH,高温,终止,13,9190.0,9190.0
10,HHHHSSSHHS,晴朗,终止,13,9190.0,9190.0
10,HHHHSSSHHH,高温,终止,13,9190.0,9190.0
10,HHHHSSHSSS,晴朗,终止,13,9190.0,9190.0
10,HHHHSSHSSH,高温,终止,13,9190.0,9190.0
10,HHHHSSHSHS,晴朗,终止,13,9190.0,9190.0
10,HHHHSSHSHH,高温,终止,13,9190.0,9190.0
10,HHHHSSHHSS,晴朗,终止,13,9190.0,9190.0
10,HHHHSSHHSH,高温,终止,13,9190.0,9190.0
10,HHHHSSHHHS,晴朗,终止,13,9190.0,9190.0
10,HHHHSSHHHH,高温,终止,13,9190.0,9190.0
10,HHHHSHSSSS,晴朗,终止,13,9190.0,9190.0
10,HHHHSHSSSH,高温,终止,13,9190.0,9190.0
10,HHHHSHSSHS,晴朗,终止,13,9190.0,9190.0
10,HHHHSHSSHH,高温,终止,13,9190.0,9190.0
10,HHHHSHSHSS,晴朗,终止,13,9190.0,9190.0
10,HHHHSHSHSH,高温,终止,13,9190.0,9190.0
10,HHHHSHSHHS,晴朗,终止,13,9190.0,9190.0
10,HHHHSHSHHH,高温,终止,13,9190.0,9190.0
10,HHHHSHHSSS,晴朗,终止,13,9190.0,9190.0
10,HHHHSHHSSH,高温,终止,13,9190.0,9190.0
10,HHHHSHHSHS,晴朗,终止,13,9190.0,9190.0
10,HHHHSHHSHH,高温,终止,13,9190.0,9190.0
10,HHHHSHHHSS,晴朗,终止,13,9190.0,9190.0
10,HHHHSHHHSH,高温,终止,13,9190.0,9190.0
10,HHHHSHHHHS,晴朗,终止,13,9190.0,9190.0
10,HHHHSHHHHH,高温,终止,13,9190.0,9190.0
10,HHHHHSSSSS,晴朗,终止,13,9190.0,9190.0
10,HHHHHSSSSH,高温,终止,13,9190.0,9190.0
10,HHHHHSSSHS,晴朗,终止,13,9190.0,9190.0
10,HHHHHSSSHH,高温,终止,13,9190.0,9190.0
10,HHHHHSSHSS,晴朗,终止,13,9190.0,9190.0
10,HHHHHSSHSH,高温,终止,13,9190.0,9190.0
10,HHHHHSSHHS,晴朗,终止,13,9190.0,9190.0
10,HHHHHSSHHH,高温,终止,13,9190.0,9190.0
10,HHHHHSHSSS,晴朗,终止,13,9190.0,9190.0
10,HHHHHSHSSH,高温,终止,13,9190.0,9190.0
10,HHHHHSHSHS,晴朗,终止,13,9190.0,9190.0
10,HHHHHSHSHH,高温,终止,13,9190.0,9190.0
10,HHHHHSHHSS,晴朗,终止,13,9190.0,9190.0
10,HHHHHSHHSH,高温,终止,13,9190.0,9190.0
10,HHHHHSHHHS,晴朗,终止,13,9190.0,9190.0
10,HHHHHSHHHH,高温,终止,13,9190.0,9190.0
10,HHHHHHSSSS,晴朗,终止,13,9190.0,9190.0
10,HHHHHHSSSH,高温,终止,13,9190.0,9190.0
10,HHHHHHSSHS,晴朗,终止,13,9190.0,9190.0
10,HHHHHHSSHH,高温,终止,13,9190.0,9190.0
10,HHHHHHSHSS,晴朗,终止,13,9190.0,9190.0
10,HHHHHHSHSH,高温,终止,13,9190.0,9190.0
10,HHHHHHSHHS,晴朗,终止,13,9190.0,9190.0
10,HHHHHHSHHH,高温,终止,13,9190.0,9190.0
10,HHHHHHHSSS,晴朗,终止,13,9190.0,9190.0
10,HHHHHHHSSH,高温,终止,13,9190.0,9190.0
10,HHHHHHHSHS,晴朗,终止,13,9190.0,9190.0
10,HHHHHHHSHH,高温,终止,13,9190.0,9190.0
10,HHHHHHHHSS,晴朗,终止,13,9190.0,9190.0
10,HHHHHHHHSH,高温,终止,13,9190.0,9190.0
10,HHHHHHHHHS,晴朗,终止,13,9190.0,9190.0
10,HHHHHHHHHH,高温,终止,13,9190.0,9190.0
