情景编号,天气序列,是否成功,到达日,在线终端财富,Oracle终端财富,Regret
1,SSSSSSSSSS,True,3,9430.0,9670.0,240.0
2,SSSSSSSSSH,True,3,9430.0,9670.0,240.0
3,SSSSSSSSHS,True,3,9430.0,9670.0,240.0
4,SSSSSSSSHH,True,3,9430.0,9670.0,240.0
5,SSSSSSSHSS,True,3,9430.0,9670.0,240.0
6,SSSSSSSHSH,True,3,9430.0,9670.0,240.0
7,SSSSSSSHHS,True,3,9430.0,9670.0,240.0
8,SSSSSSSHHH,True,3,9430.0,9670.0,240.0
9,SSSSSSHSSS,True,3,9430.0,9670.0,240.0
10,SSSSSSHSSH,True,3,9430.0,9670.0,240.0
11,SSSSSSHSHS,True,3,9430.0,9670.0,240.0
12,SSSSSSHSHH,True,3,9430.0,9670.0,240.0
13,SSSSSSHHSS,True,3,9430.0,9670.0,240.0
14,SSSSSSHHSH,True,3,9430.0,9670.0,240.0
15,SSSSSSHHHS,True,3,9430.0,9670.0,240.0
16,SSSSSSHHHH,True,3,9430.0,9670.0,240.0
17,SSSSSHSSSS,True,3,9430.0,9670.0,240.0
18,SSSSSHSSSH,True,3,9430.0,9670.0,240.0
19,SSSSSHSSHS,True,3,9430.0,9670.0,240.0
20,SSSSSHSSHH,True,3,9430.0,9670.0,240.0
21,SSSSSHSHSS,True,3,9430.0,9670.0,240.0
22,SSSSSHSHSH,True,3,9430.0,9670.0,240.0
23,SSSSSHSHHS,True,3,9430.0,9670.0,240.0
24,SSSSSHSHHH,True,3,9430.0,9670.0,240.0
25,SSSSSHHSSS,True,3,9430.0,9670.0,240.0
26,SSSSSHHSSH,True,3,9430.0,9670.0,240.0
27,SSSSSHHSHS,True,3,9430.0,9670.0,240.0
28,SSSSSHHSHH,True,3,9430.0,9670.0,240.0
29,SSSSSHHHSS,True,3,9430.0,9670.0,240.0
30,SSSSSHHHSH,True,3,9430.0,9670.0,240.0
31,SSSSSHHHHS,True,3,9430.0,9670.0,240.0
32,SSSSSHHHHH,True,3,9430.0,9670.0,240.0
33,SSSSHSSSSS,True,3,9430.0,9670.0,240.0
34,SSSSHSSSSH,True,3,9430.0,9670.0,240.0
35,SSSSHSSSHS,True,3,9430.0,9670.0,240.0
36,SSSSHSSSHH,True,3,9430.0,9670.0,240.0
37,SSSSHSSHSS,True,3,9430.0,9670.0,240.0
38,SSSSHSSHSH,True,3,9430.0,9670.0,240.0
39,SSSSHSSHHS,True,3,9430.0,9670.0,240.0
40,SSSSHSSHHH,True,3,9430.0,9670.0,240.0
41,SSSSHSHSSS,True,3,9430.0,9670.0,240.0
42,SSSSHSHSSH,True,3,9430.0,9670.0,240.0
43,SSSSHSHSHS,True,3,9430.0,9670.0,240.0
44,SSSSHSHSHH,True,3,9430.0,9670.0,240.0
45,SSSSHSHHSS,True,3,9430.0,9670.0,240.0
46,SSSSHSHHSH,True,3,9430.0,9670.0,240.0
47,SSSSHSHHHS,True,3,9430.0,9670.0,240.0
48,SSSSHSHHHH,True,3,9430.0,9670.0,240.0
49,SSSSHHSSSS,True,3,9430.0,9670.0,240.0
50,SSSSHHSSSH,True,3,9430.0,9670.0,240.0
51,SSSSHHSSHS,True,3,9430.0,9670.0,240.0
52,SSSSHHSSHH,True,3,9430.0,9670.0,240.0
53,SSSSHHSHSS,True,3,9430.0,9670.0,240.0
54,SSSSHHSHSH,True,3,9430.0,9670.0,240.0
55,SSSSHHSHHS,True,3,9430.0,9670.0,240.0
56,SSSSHHSHHH,True,3,9430.0,9670.0,240.0
57,SSSSHHHSSS,True,3,9430.0,9670.0,240.0
58,SSSSHHHSSH,True,3,9430.0,9670.0,240.0
59,SSSSHHHSHS,True,3,9430.0,9670.0,240.0
60,SSSSHHHSHH,True,3,9430.0,9670.0,240.0
61,SSSSHHHHSS,True,3,9430.0,9670.0,240.0
62,SSSSHHHHSH,True,3,9430.0,9670.0,240.0
63,SSSSHHHHHS,True,3,9430.0,9670.0,240.0
64,SSSSHHHHHH,True,3,9430.0,9670.0,240.0
65,SSSHSSSSSS,True,3,9430.0,9670.0,240.0
66,SSSHSSSSSH,True,3,9430.0,9670.0,240.0
67,SSSHSSSSHS,True,3,9430.0,9670.0,240.0
68,SSSHSSSSHH,True,3,9430.0,9670.0,240.0
69,SSSHSSSHSS,True,3,9430.0,9670.0,240.0
70,SSSHSSSHSH,True,3,9430.0,9670.0,240.0
71,SSSHSSSHHS,True,3,9430.0,9670.0,240.0
72,SSSHSSSHHH,True,3,9430.0,9670.0,240.0
73,SSSHSSHSSS,True,3,9430.0,9670.0,240.0
74,SSSHSSHSSH,True,3,9430.0,9670.0,240.0
75,SSSHSSHSHS,True,3,9430.0,9670.0,240.0
76,SSSHSSHSHH,True,3,9430.0,9670.0,240.0
77,SSSHSSHHSS,True,3,9430.0,9670.0,240.0
78,SSSHSSHHSH,True,3,9430.0,9670.0,240.0
79,SSSHSSHHHS,True,3,9430.0,9670.0,240.0
80,SSSHSSHHHH,True,3,9430.0,9670.0,240.0
81,SSSHSHSSSS,True,3,9430.0,9670.0,240.0
82,SSSHSHSSSH,True,3,9430.0,9670.0,240.0
83,SSSHSHSSHS,True,3,9430.0,9670.0,240.0
84,SSSHSHSSHH,True,3,9430.0,9670.0,240.0
85,SSSHSHSHSS,True,3,9430.0,9670.0,240.0
86,SSSHSHSHSH,True,3,9430.0,9670.0,240.0
87,SSSHSHSHHS,True,3,9430.0,9670.0,240.0
88,SSSHSHSHHH,True,3,9430.0,9670.0,240.0
89,SSSHSHHSSS,True,3,9430.0,9670.0,240.0
90,SSSHSHHSSH,True,3,9430.0,9670.0,240.0
91,SSSHSHHSHS,True,3,9430.0,9670.0,240.0
92,SSSHSHHSHH,True,3,9430.0,9670.0,240.0
93,SSSHSHHHSS,True,3,9430.0,9670.0,240.0
94,SSSHSHHHSH,True,3,9430.0,9670.0,240.0
95,SSSHSHHHHS,True,3,9430.0,9670.0,240.0
96,SSSHSHHHHH,True,3,9430.0,9670.0,240.0
97,SSSHHSSSSS,True,3,9430.0,9670.0,240.0
98,SSSHHSSSSH,True,3,9430.0,9670.0,240.0
99,SSSHHSSSHS,True,3,9430.0,9670.0,240.0
100,SSSHHSSSHH,True,3,9430.0,9670.0,240.0
101,SSSHHSSHSS,True,3,9430.0,9670.0,240.0
102,SSSHHSSHSH,True,3,9430.0,9670.0,240.0
103,SSSHHSSHHS,True,3,9430.0,9670.0,240.0
104,SSSHHSSHHH,True,3,9430.0,9670.0,240.0
105,SSSHHSHSSS,True,3,9430.0,9670.0,240.0
106,SSSHHSHSSH,True,3,9430.0,9670.0,240.0
107,SSSHHSHSHS,True,3,9430.0,9670.0,240.0
108,SSSHHSHSHH,True,3,9430.0,9670.0,240.0
109,SSSHHSHHSS,True,3,9430.0,9670.0,240.0
110,SSSHHSHHSH,True,3,9430.0,9670.0,240.0
111,SSSHHSHHHS,True,3,9430.0,9670.0,240.0
112,SSSHHSHHHH,True,3,9430.0,9670.0,240.0
113,SSSHHHSSSS,True,3,9430.0,9670.0,240.0
114,SSSHHHSSSH,True,3,9430.0,9670.0,240.0
115,SSSHHHSSHS,True,3,9430.0,9670.0,240.0
116,SSSHHHSSHH,True,3,9430.0,9670.0,240.0
117,SSSHHHSHSS,True,3,9430.0,9670.0,240.0
118,SSSHHHSHSH,True,3,9430.0,9670.0,240.0
119,SSSHHHSHHS,True,3,9430.0,9670.0,240.0
120,SSSHHHSHHH,True,3,9430.0,9670.0,240.0
121,SSSHHHHSSS,True,3,9430.0,9670.0,240.0
122,SSSHHHHSSH,True,3,9430.0,9670.0,240.0
123,SSSHHHHSHS,True,3,9430.0,9670.0,240.0
124,SSSHHHHSHH,True,3,9430.0,9670.0,240.0
125,SSSHHHHHSS,True,3,9430.0,9670.0,240.0
126,SSSHHHHHSH,True,3,9430.0,9670.0,240.0
127,SSSHHHHHHS,True,3,9430.0,9670.0,240.0
128,SSSHHHHHHH,True,3,9430.0,9670.0,240.0
129,SSHSSSSSSS,True,3,9350.0,9535.0,185.0
130,SSHSSSSSSH,True,3,9350.0,9535.0,185.0
131,SSHSSSSSHS,True,3,9350.0,9535.0,185.0
132,SSHSSSSSHH,True,3,9350.0,9535.0,185.0
133,SSHSSSSHSS,True,3,9350.0,9535.0,185.0
134,SSHSSSSHSH,True,3,9350.0,9535.0,185.0
135,SSHSSSSHHS,True,3,9350.0,9535.0,185.0
136,SSHSSSSHHH,True,3,9350.0,9535.0,185.0
137,SSHSSSHSSS,True,3,9350.0,9535.0,185.0
138,SSHSSSHSSH,True,3,9350.0,9535.0,185.0
139,SSHSSSHSHS,True,3,9350.0,9535.0,185.0
140,SSHSSSHSHH,True,3,9350.0,9535.0,185.0
141,SSHSSSHHSS,True,3,9350.0,9535.0,185.0
142,SSHSSSHHSH,True,3,9350.0,9535.0,185.0
143,SSHSSSHHHS,True,3,9350.0,9535.0,185.0
144,SSHSSSHHHH,True,3,9350.0,9535.0,185.0
145,SSHSSHSSSS,True,3,9350.0,9535.0,185.0
146,SSHSSHSSSH,True,3,9350.0,9535.0,185.0
147,SSHSSHSSHS,True,3,9350.0,9535.0,185.0
148,SSHSSHSSHH,True,3,9350.0,9535.0,185.0
149,SSHSSHSHSS,True,3,9350.0,9535.0,185.0
150,SSHSSHSHSH,True,3,9350.0,9535.0,185.0
151,SSHSSHSHHS,True,3,9350.0,9535.0,185.0
152,SSHSSHSHHH,True,3,9350.0,9535.0,185.0
153,SSHSSHHSSS,True,3,9350.0,9535.0,185.0
154,SSHSSHHSSH,True,3,9350.0,9535.0,185.0
155,SSHSSHHSHS,True,3,9350.0,9535.0,185.0
156,SSHSSHHSHH,True,3,9350.0,9535.0,185.0
157,SSHSSHHHSS,True,3,9350.0,9535.0,185.0
158,SSHSSHHHSH,True,3,9350.0,9535.0,185.0
159,SSHSSHHHHS,True,3,9350.0,9535.0,185.0
160,SSHSSHHHHH,True,3,9350.0,9535.0,185.0
161,SSHSHSSSSS,True,3,9350.0,9535.0,185.0
162,SSHSHSSSSH,True,3,9350.0,9535.0,185.0
163,SSHSHSSSHS,True,3,9350.0,9535.0,185.0
164,SSHSHSSSHH,True,3,9350.0,9535.0,185.0
165,SSHSHSSHSS,True,3,9350.0,9535.0,185.0
166,SSHSHSSHSH,True,3,9350.0,9535.0,185.0
167,SSHSHSSHHS,True,3,9350.0,9535.0,185.0
168,SSHSHSSHHH,True,3,9350.0,9535.0,185.0
169,SSHSHSHSSS,True,3,9350.0,9535.0,185.0
170,SSHSHSHSSH,True,3,9350.0,9535.0,185.0
171,SSHSHSHSHS,True,3,9350.0,9535.0,185.0
172,SSHSHSHSHH,True,3,9350.0,9535.0,185.0
173,SSHSHSHHSS,True,3,9350.0,9535.0,185.0
174,SSHSHSHHSH,True,3,9350.0,9535.0,185.0
175,SSHSHSHHHS,True,3,9350.0,9535.0,185.0
176,SSHSHSHHHH,True,3,9350.0,9535.0,185.0
177,SSHSHHSSSS,True,3,9350.0,9535.0,185.0
178,SSHSHHSSSH,True,3,9350.0,9535.0,185.0
179,SSHSHHSSHS,True,3,9350.0,9535.0,185.0
180,SSHSHHSSHH,True,3,9350.0,9535.0,185.0
181,SSHSHHSHSS,True,3,9350.0,9535.0,185.0
182,SSHSHHSHSH,True,3,9350.0,9535.0,185.0
183,SSHSHHSHHS,True,3,9350.0,9535.0,185.0
184,SSHSHHSHHH,True,3,9350.0,9535.0,185.0
185,SSHSHHHSSS,True,3,9350.0,9535.0,185.0
186,SSHSHHHSSH,True,3,9350.0,9535.0,185.0
187,SSHSHHHSHS,True,3,9350.0,9535.0,185.0
188,SSHSHHHSHH,True,3,9350.0,9535.0,185.0
189,SSHSHHHHSS,True,3,9350.0,9535.0,185.0
190,SSHSHHHHSH,True,3,9350.0,9535.0,185.0
191,SSHSHHHHHS,True,3,9350.0,9535.0,185.0
192,SSHSHHHHHH,True,3,9350.0,9535.0,185.0
193,SSHHSSSSSS,True,3,9350.0,9510.0,160.0
194,SSHHSSSSSH,True,3,9350.0,9510.0,160.0
195,SSHHSSSSHS,True,3,9350.0,9510.0,160.0
196,SSHHSSSSHH,True,3,9350.0,9510.0,160.0
197,SSHHSSSHSS,True,3,9350.0,9510.0,160.0
198,SSHHSSSHSH,True,3,9350.0,9510.0,160.0
199,SSHHSSSHHS,True,3,9350.0,9510.0,160.0
200,SSHHSSSHHH,True,3,9350.0,9510.0,160.0
201,SSHHSSHSSS,True,3,9350.0,9510.0,160.0
202,SSHHSSHSSH,True,3,9350.0,9510.0,160.0
203,SSHHSSHSHS,True,3,9350.0,9510.0,160.0
204,SSHHSSHSHH,True,3,9350.0,9510.0,160.0
205,SSHHSSHHSS,True,3,9350.0,9510.0,160.0
206,SSHHSSHHSH,True,3,9350.0,9510.0,160.0
207,SSHHSSHHHS,True,3,9350.0,9510.0,160.0
208,SSHHSSHHHH,True,3,9350.0,9510.0,160.0
209,SSHHSHSSSS,True,3,9350.0,9510.0,160.0
210,SSHHSHSSSH,True,3,9350.0,9510.0,160.0
211,SSHHSHSSHS,True,3,9350.0,9510.0,160.0
212,SSHHSHSSHH,True,3,9350.0,9510.0,160.0
213,SSHHSHSHSS,True,3,9350.0,9510.0,160.0
214,SSHHSHSHSH,True,3,9350.0,9510.0,160.0
215,SSHHSHSHHS,True,3,9350.0,9510.0,160.0
216,SSHHSHSHHH,True,3,9350.0,9510.0,160.0
217,SSHHSHHSSS,True,3,9350.0,9510.0,160.0
218,SSHHSHHSSH,True,3,9350.0,9510.0,160.0
219,SSHHSHHSHS,True,3,9350.0,9510.0,160.0
220,SSHHSHHSHH,True,3,9350.0,9510.0,160.0
221,SSHHSHHHSS,True,3,9350.0,9510.0,160.0
222,SSHHSHHHSH,True,3,9350.0,9510.0,160.0
223,SSHHSHHHHS,True,3,9350.0,9510.0,160.0
224,SSHHSHHHHH,True,3,9350.0,9510.0,160.0
225,SSHHHSSSSS,True,3,9350.0,9510.0,160.0
226,SSHHHSSSSH,True,3,9350.0,9510.0,160.0
227,SSHHHSSSHS,True,3,9350.0,9510.0,160.0
228,SSHHHSSSHH,True,3,9350.0,9510.0,160.0
229,SSHHHSSHSS,True,3,9350.0,9510.0,160.0
230,SSHHHSSHSH,True,3,9350.0,9510.0,160.0
231,SSHHHSSHHS,True,3,9350.0,9510.0,160.0
232,SSHHHSSHHH,True,3,9350.0,9510.0,160.0
233,SSHHHSHSSS,True,3,9350.0,9510.0,160.0
234,SSHHHSHSSH,True,3,9350.0,9510.0,160.0
235,SSHHHSHSHS,True,3,9350.0,9510.0,160.0
236,SSHHHSHSHH,True,3,9350.0,9510.0,160.0
237,SSHHHSHHSS,True,3,9350.0,9510.0,160.0
238,SSHHHSHHSH,True,3,9350.0,9510.0,160.0
239,SSHHHSHHHS,True,3,9350.0,9510.0,160.0
240,SSHHHSHHHH,True,3,9350.0,9510.0,160.0
241,SSHHHHSSSS,True,3,9350.0,9510.0,160.0
242,SSHHHHSSSH,True,3,9350.0,9510.0,160.0
243,SSHHHHSSHS,True,3,9350.0,9510.0,160.0
244,SSHHHHSSHH,True,3,9350.0,9510.0,160.0
245,SSHHHHSHSS,True,3,9350.0,9510.0,160.0
246,SSHHHHSHSH,True,3,9350.0,9510.0,160.0
247,SSHHHHSHHS,True,3,9350.0,9510.0,160.0
248,SSHHHHSHHH,True,3,9350.0,9510.0,160.0
249,SSHHHHHSSS,True,3,9350.0,9510.0,160.0
250,SSHHHHHSSH,True,3,9350.0,9510.0,160.0
251,SSHHHHHSHS,True,3,9350.0,9510.0,160.0
252,SSHHHHHSHH,True,3,9350.0,9510.0,160.0
253,SSHHHHHHSS,True,3,9350.0,9510.0,160.0
254,SSHHHHHHSH,True,3,9350.0,9510.0,160.0
255,SSHHHHHHHS,True,3,9350.0,9510.0,160.0
256,SSHHHHHHHH,True,3,9350.0,9510.0,160.0
257,SHSSSSSSSS,True,3,9350.0,9535.0,185.0
258,SHSSSSSSSH,True,3,9350.0,9535.0,185.0
259,SHSSSSSSHS,True,3,9350.0,9535.0,185.0
260,SHSSSSSSHH,True,3,9350.0,9535.0,185.0
261,SHSSSSSHSS,True,3,9350.0,9535.0,185.0
262,SHSSSSSHSH,True,3,9350.0,9535.0,185.0
263,SHSSSSSHHS,True,3,9350.0,9535.0,185.0
264,SHSSSSSHHH,True,3,9350.0,9535.0,185.0
265,SHSSSSHSSS,True,3,9350.0,9535.0,185.0
266,SHSSSSHSSH,True,3,9350.0,9535.0,185.0
267,SHSSSSHSHS,True,3,9350.0,9535.0,185.0
268,SHSSSSHSHH,True,3,9350.0,9535.0,185.0
269,SHSSSSHHSS,True,3,9350.0,9535.0,185.0
270,SHSSSSHHSH,True,3,9350.0,9535.0,185.0
271,SHSSSSHHHS,True,3,9350.0,9535.0,185.0
272,SHSSSSHHHH,True,3,9350.0,9535.0,185.0
273,SHSSSHSSSS,True,3,9350.0,9535.0,185.0
274,SHSSSHSSSH,True,3,9350.0,9535.0,185.0
275,SHSSSHSSHS,True,3,9350.0,9535.0,185.0
276,SHSSSHSSHH,True,3,9350.0,9535.0,185.0
277,SHSSSHSHSS,True,3,9350.0,9535.0,185.0
278,SHSSSHSHSH,True,3,9350.0,9535.0,185.0
279,SHSSSHSHHS,True,3,9350.0,9535.0,185.0
280,SHSSSHSHHH,True,3,9350.0,9535.0,185.0
281,SHSSSHHSSS,True,3,9350.0,9535.0,185.0
282,SHSSSHHSSH,True,3,9350.0,9535.0,185.0
283,SHSSSHHSHS,True,3,9350.0,9535.0,185.0
284,SHSSSHHSHH,True,3,9350.0,9535.0,185.0
285,SHSSSHHHSS,True,3,9350.0,9535.0,185.0
286,SHSSSHHHSH,True,3,9350.0,9535.0,185.0
287,SHSSSHHHHS,True,3,9350.0,9535.0,185.0
288,SHSSSHHHHH,True,3,9350.0,9535.0,185.0
289,SHSSHSSSSS,True,3,9350.0,9535.0,185.0
290,SHSSHSSSSH,True,3,9350.0,9535.0,185.0
291,SHSSHSSSHS,True,3,9350.0,9535.0,185.0
292,SHSSHSSSHH,True,3,9350.0,9535.0,185.0
293,SHSSHSSHSS,True,3,9350.0,9535.0,185.0
294,SHSSHSSHSH,True,3,9350.0,9535.0,185.0
295,SHSSHSSHHS,True,3,9350.0,9535.0,185.0
296,SHSSHSSHHH,True,3,9350.0,9535.0,185.0
297,SHSSHSHSSS,True,3,9350.0,9535.0,185.0
298,SHSSHSHSSH,True,3,9350.0,9535.0,185.0
299,SHSSHSHSHS,True,3,9350.0,9535.0,185.0
300,SHSSHSHSHH,True,3,9350.0,9535.0,185.0
301,SHSSHSHHSS,True,3,9350.0,9535.0,185.0
302,SHSSHSHHSH,True,3,9350.0,9535.0,185.0
303,SHSSHSHHHS,True,3,9350.0,9535.0,185.0
304,SHSSHSHHHH,True,3,9350.0,9535.0,185.0
305,SHSSHHSSSS,True,3,9350.0,9535.0,185.0
306,SHSSHHSSSH,True,3,9350.0,9535.0,185.0
307,SHSSHHSSHS,True,3,9350.0,9535.0,185.0
308,SHSSHHSSHH,True,3,9350.0,9535.0,185.0
309,SHSSHHSHSS,True,3,9350.0,9535.0,185.0
310,SHSSHHSHSH,True,3,9350.0,9535.0,185.0
311,SHSSHHSHHS,True,3,9350.0,9535.0,185.0
312,SHSSHHSHHH,True,3,9350.0,9535.0,185.0
313,SHSSHHHSSS,True,3,9350.0,9535.0,185.0
314,SHSSHHHSSH,True,3,9350.0,9535.0,185.0
315,SHSSHHHSHS,True,3,9350.0,9535.0,185.0
316,SHSSHHHSHH,True,3,9350.0,9535.0,185.0
317,SHSSHHHHSS,True,3,9350.0,9535.0,185.0
318,SHSSHHHHSH,True,3,9350.0,9535.0,185.0
319,SHSSHHHHHS,True,3,9350.0,9535.0,185.0
320,SHSSHHHHHH,True,3,9350.0,9535.0,185.0
321,SHSHSSSSSS,True,3,9350.0,9510.0,160.0
322,SHSHSSSSSH,True,3,9350.0,9510.0,160.0
323,SHSHSSSSHS,True,3,9350.0,9510.0,160.0
324,SHSHSSSSHH,True,3,9350.0,9510.0,160.0
325,SHSHSSSHSS,True,3,9350.0,9510.0,160.0
326,SHSHSSSHSH,True,3,9350.0,9510.0,160.0
327,SHSHSSSHHS,True,3,9350.0,9510.0,160.0
328,SHSHSSSHHH,True,3,9350.0,9510.0,160.0
329,SHSHSSHSSS,True,3,9350.0,9510.0,160.0
330,SHSHSSHSSH,True,3,9350.0,9510.0,160.0
331,SHSHSSHSHS,True,3,9350.0,9510.0,160.0
332,SHSHSSHSHH,True,3,9350.0,9510.0,160.0
333,SHSHSSHHSS,True,3,9350.0,9510.0,160.0
334,SHSHSSHHSH,True,3,9350.0,9510.0,160.0
335,SHSHSSHHHS,True,3,9350.0,9510.0,160.0
336,SHSHSSHHHH,True,3,9350.0,9510.0,160.0
337,SHSHSHSSSS,True,3,9350.0,9510.0,160.0
338,SHSHSHSSSH,True,3,9350.0,9510.0,160.0
339,SHSHSHSSHS,True,3,9350.0,9510.0,160.0
340,SHSHSHSSHH,True,3,9350.0,9510.0,160.0
341,SHSHSHSHSS,True,3,9350.0,9510.0,160.0
342,SHSHSHSHSH,True,3,9350.0,9510.0,160.0
343,SHSHSHSHHS,True,3,9350.0,9510.0,160.0
344,SHSHSHSHHH,True,3,9350.0,9510.0,160.0
345,SHSHSHHSSS,True,3,9350.0,9510.0,160.0
346,SHSHSHHSSH,True,3,9350.0,9510.0,160.0
347,SHSHSHHSHS,True,3,9350.0,9510.0,160.0
348,SHSHSHHSHH,True,3,9350.0,9510.0,160.0
349,SHSHSHHHSS,True,3,9350.0,9510.0,160.0
350,SHSHSHHHSH,True,3,9350.0,9510.0,160.0
351,SHSHSHHHHS,True,3,9350.0,9510.0,160.0
352,SHSHSHHHHH,True,3,9350.0,9510.0,160.0
353,SHSHHSSSSS,True,3,9350.0,9510.0,160.0
354,SHSHHSSSSH,True,3,9350.0,9510.0,160.0
355,SHSHHSSSHS,True,3,9350.0,9510.0,160.0
356,SHSHHSSSHH,True,3,9350.0,9510.0,160.0
357,SHSHHSSHSS,True,3,9350.0,9510.0,160.0
358,SHSHHSSHSH,True,3,9350.0,9510.0,160.0
359,SHSHHSSHHS,True,3,9350.0,9510.0,160.0
360,SHSHHSSHHH,True,3,9350.0,9510.0,160.0
361,SHSHHSHSSS,True,3,9350.0,9510.0,160.0
362,SHSHHSHSSH,True,3,9350.0,9510.0,160.0
363,SHSHHSHSHS,True,3,9350.0,9510.0,160.0
364,SHSHHSHSHH,True,3,9350.0,9510.0,160.0
365,SHSHHSHHSS,True,3,9350.0,9510.0,160.0
366,SHSHHSHHSH,True,3,9350.0,9510.0,160.0
367,SHSHHSHHHS,True,3,9350.0,9510.0,160.0
368,SHSHHSHHHH,True,3,9350.0,9510.0,160.0
369,SHSHHHSSSS,True,3,9350.0,9510.0,160.0
370,SHSHHHSSSH,True,3,9350.0,9510.0,160.0
371,SHSHHHSSHS,True,3,9350.0,9510.0,160.0
372,SHSHHHSSHH,True,3,9350.0,9510.0,160.0
373,SHSHHHSHSS,True,3,9350.0,9510.0,160.0
374,SHSHHHSHSH,True,3,9350.0,9510.0,160.0
375,SHSHHHSHHS,True,3,9350.0,9510.0,160.0
376,SHSHHHSHHH,True,3,9350.0,9510.0,160.0
377,SHSHHHHSSS,True,3,9350.0,9510.0,160.0
378,SHSHHHHSSH,True,3,9350.0,9510.0,160.0
379,SHSHHHHSHS,True,3,9350.0,9510.0,160.0
380,SHSHHHHSHH,True,3,9350.0,9510.0,160.0
381,SHSHHHHHSS,True,3,9350.0,9510.0,160.0
382,SHSHHHHHSH,True,3,9350.0,9510.0,160.0
383,SHSHHHHHHS,True,3,9350.0,9510.0,160.0
384,SHSHHHHHHH,True,3,9350.0,9510.0,160.0
385,SHHSSSSSSS,True,3,9270.0,9400.0,130.0
386,SHHSSSSSSH,True,3,9270.0,9400.0,130.0
387,SHHSSSSSHS,True,3,9270.0,9400.0,130.0
388,SHHSSSSSHH,True,3,9270.0,9400.0,130.0
389,SHHSSSSHSS,True,3,9270.0,9400.0,130.0
390,SHHSSSSHSH,True,3,9270.0,9400.0,130.0
391,SHHSSSSHHS,True,3,9270.0,9400.0,130.0
392,SHHSSSSHHH,True,3,9270.0,9400.0,130.0
393,SHHSSSHSSS,True,3,9270.0,9400.0,130.0
394,SHHSSSHSSH,True,3,9270.0,9400.0,130.0
395,SHHSSSHSHS,True,3,9270.0,9400.0,130.0
396,SHHSSSHSHH,True,3,9270.0,9400.0,130.0
397,SHHSSSHHSS,True,3,9270.0,9400.0,130.0
398,SHHSSSHHSH,True,3,9270.0,9400.0,130.0
399,SHHSSSHHHS,True,3,9270.0,9400.0,130.0
400,SHHSSSHHHH,True,3,9270.0,9400.0,130.0
401,SHHSSHSSSS,True,3,9270.0,9400.0,130.0
402,SHHSSHSSSH,True,3,9270.0,9400.0,130.0
403,SHHSSHSSHS,True,3,9270.0,9400.0,130.0
404,SHHSSHSSHH,True,3,9270.0,9400.0,130.0
405,SHHSSHSHSS,True,3,9270.0,9400.0,130.0
406,SHHSSHSHSH,True,3,9270.0,9400.0,130.0
407,SHHSSHSHHS,True,3,9270.0,9400.0,130.0
408,SHHSSHSHHH,True,3,9270.0,9400.0,130.0
409,SHHSSHHSSS,True,3,9270.0,9400.0,130.0
410,SHHSSHHSSH,True,3,9270.0,9400.0,130.0
411,SHHSSHHSHS,True,3,9270.0,9400.0,130.0
412,SHHSSHHSHH,True,3,9270.0,9400.0,130.0
413,SHHSSHHHSS,True,3,9270.0,9400.0,130.0
414,SHHSSHHHSH,True,3,9270.0,9400.0,130.0
415,SHHSSHHHHS,True,3,9270.0,9400.0,130.0
416,SHHSSHHHHH,True,3,9270.0,9400.0,130.0
417,SHHSHSSSSS,True,3,9270.0,9375.0,105.0
418,SHHSHSSSSH,True,3,9270.0,9375.0,105.0
419,SHHSHSSSHS,True,3,9270.0,9375.0,105.0
420,SHHSHSSSHH,True,3,9270.0,9375.0,105.0
421,SHHSHSSHSS,True,3,9270.0,9375.0,105.0
422,SHHSHSSHSH,True,3,9270.0,9375.0,105.0
423,SHHSHSSHHS,True,3,9270.0,9375.0,105.0
424,SHHSHSSHHH,True,3,9270.0,9375.0,105.0
425,SHHSHSHSSS,True,3,9270.0,9375.0,105.0
426,SHHSHSHSSH,True,3,9270.0,9375.0,105.0
427,SHHSHSHSHS,True,3,9270.0,9375.0,105.0
428,SHHSHSHSHH,True,3,9270.0,9375.0,105.0
429,SHHSHSHHSS,True,3,9270.0,9375.0,105.0
430,SHHSHSHHSH,True,3,9270.0,9375.0,105.0
431,SHHSHSHHHS,True,3,9270.0,9375.0,105.0
432,SHHSHSHHHH,True,3,9270.0,9375.0,105.0
433,SHHSHHSSSS,True,3,9270.0,9375.0,105.0
434,SHHSHHSSSH,True,3,9270.0,9375.0,105.0
435,SHHSHHSSHS,True,3,9270.0,9375.0,105.0
436,SHHSHHSSHH,True,3,9270.0,9375.0,105.0
437,SHHSHHSHSS,True,3,9270.0,9375.0,105.0
438,SHHSHHSHSH,True,3,9270.0,9375.0,105.0
439,SHHSHHSHHS,True,3,9270.0,9375.0,105.0
440,SHHSHHSHHH,True,3,9270.0,9375.0,105.0
441,SHHSHHHSSS,True,3,9270.0,9375.0,105.0
442,SHHSHHHSSH,True,3,9270.0,9375.0,105.0
443,SHHSHHHSHS,True,3,9270.0,9375.0,105.0
444,SHHSHHHSHH,True,3,9270.0,9375.0,105.0
445,SHHSHHHHSS,True,3,9270.0,9375.0,105.0
446,SHHSHHHHSH,True,3,9270.0,9375.0,105.0
447,SHHSHHHHHS,True,3,9270.0,9375.0,105.0
448,SHHSHHHHHH,True,3,9270.0,9375.0,105.0
449,SHHHSSSSSS,True,3,9270.0,9350.0,80.0
450,SHHHSSSSSH,True,3,9270.0,9350.0,80.0
451,SHHHSSSSHS,True,3,9270.0,9350.0,80.0
452,SHHHSSSSHH,True,3,9270.0,9350.0,80.0
453,SHHHSSSHSS,True,3,9270.0,9350.0,80.0
454,SHHHSSSHSH,True,3,9270.0,9350.0,80.0
455,SHHHSSSHHS,True,3,9270.0,9350.0,80.0
456,SHHHSSSHHH,True,3,9270.0,9350.0,80.0
457,SHHHSSHSSS,True,3,9270.0,9350.0,80.0
458,SHHHSSHSSH,True,3,9270.0,9350.0,80.0
459,SHHHSSHSHS,True,3,9270.0,9350.0,80.0
460,SHHHSSHSHH,True,3,9270.0,9350.0,80.0
461,SHHHSSHHSS,True,3,9270.0,9350.0,80.0
462,SHHHSSHHSH,True,3,9270.0,9350.0,80.0
463,SHHHSSHHHS,True,3,9270.0,9350.0,80.0
464,SHHHSSHHHH,True,3,9270.0,9350.0,80.0
465,SHHHSHSSSS,True,3,9270.0,9350.0,80.0
466,SHHHSHSSSH,True,3,9270.0,9350.0,80.0
467,SHHHSHSSHS,True,3,9270.0,9350.0,80.0
468,SHHHSHSSHH,True,3,9270.0,9350.0,80.0
469,SHHHSHSHSS,True,3,9270.0,9350.0,80.0
470,SHHHSHSHSH,True,3,9270.0,9350.0,80.0
471,SHHHSHSHHS,True,3,9270.0,9350.0,80.0
472,SHHHSHSHHH,True,3,9270.0,9350.0,80.0
473,SHHHSHHSSS,True,3,9270.0,9350.0,80.0
474,SHHHSHHSSH,True,3,9270.0,9350.0,80.0
475,SHHHSHHSHS,True,3,9270.0,9350.0,80.0
476,SHHHSHHSHH,True,3,9270.0,9350.0,80.0
477,SHHHSHHHSS,True,3,9270.0,9350.0,80.0
478,SHHHSHHHSH,True,3,9270.0,9350.0,80.0
479,SHHHSHHHHS,True,3,9270.0,9350.0,80.0
480,SHHHSHHHHH,True,3,9270.0,9350.0,80.0
481,SHHHHSSSSS,True,3,9270.0,9350.0,80.0
482,SHHHHSSSSH,True,3,9270.0,9350.0,80.0
483,SHHHHSSSHS,True,3,9270.0,9350.0,80.0
484,SHHHHSSSHH,True,3,9270.0,9350.0,80.0
485,SHHHHSSHSS,True,3,9270.0,9350.0,80.0
486,SHHHHSSHSH,True,3,9270.0,9350.0,80.0
487,SHHHHSSHHS,True,3,9270.0,9350.0,80.0
488,SHHHHSSHHH,True,3,9270.0,9350.0,80.0
489,SHHHHSHSSS,True,3,9270.0,9350.0,80.0
490,SHHHHSHSSH,True,3,9270.0,9350.0,80.0
491,SHHHHSHSHS,True,3,9270.0,9350.0,80.0
492,SHHHHSHSHH,True,3,9270.0,9350.0,80.0
493,SHHHHSHHSS,True,3,9270.0,9350.0,80.0
494,SHHHHSHHSH,True,3,9270.0,9350.0,80.0
495,SHHHHSHHHS,True,3,9270.0,9350.0,80.0
496,SHHHHSHHHH,True,3,9270.0,9350.0,80.0
497,SHHHHHSSSS,True,3,9270.0,9350.0,80.0
498,SHHHHHSSSH,True,3,9270.0,9350.0,80.0
499,SHHHHHSSHS,True,3,9270.0,9350.0,80.0
500,SHHHHHSSHH,True,3,9270.0,9350.0,80.0
501,SHHHHHSHSS,True,3,9270.0,9350.0,80.0
502,SHHHHHSHSH,True,3,9270.0,9350.0,80.0
503,SHHHHHSHHS,True,3,9270.0,9350.0,80.0
504,SHHHHHSHHH,True,3,9270.0,9350.0,80.0
505,SHHHHHHSSS,True,3,9270.0,9350.0,80.0
506,SHHHHHHSSH,True,3,9270.0,9350.0,80.0
507,SHHHHHHSHS,True,3,9270.0,9350.0,80.0
508,SHHHHHHSHH,True,3,9270.0,9350.0,80.0
509,SHHHHHHHSS,True,3,9270.0,9350.0,80.0
510,SHHHHHHHSH,True,3,9270.0,9350.0,80.0
511,SHHHHHHHHS,True,3,9270.0,9350.0,80.0
512,SHHHHHHHHH,True,3,9270.0,9350.0,80.0
513,HSSSSSSSSS,True,3,9350.0,9535.0,185.0
514,HSSSSSSSSH,True,3,9350.0,9535.0,185.0
515,HSSSSSSSHS,True,3,9350.0,9535.0,185.0
516,HSSSSSSSHH,True,3,9350.0,9535.0,185.0
517,HSSSSSSHSS,True,3,9350.0,9535.0,185.0
518,HSSSSSSHSH,True,3,9350.0,9535.0,185.0
519,HSSSSSSHHS,True,3,9350.0,9535.0,185.0
520,HSSSSSSHHH,True,3,9350.0,9535.0,185.0
521,HSSSSSHSSS,True,3,9350.0,9535.0,185.0
522,HSSSSSHSSH,True,3,9350.0,9535.0,185.0
523,HSSSSSHSHS,True,3,9350.0,9535.0,185.0
524,HSSSSSHSHH,True,3,9350.0,9535.0,185.0
525,HSSSSSHHSS,True,3,9350.0,9535.0,185.0
526,HSSSSSHHSH,True,3,9350.0,9535.0,185.0
527,HSSSSSHHHS,True,3,9350.0,9535.0,185.0
528,HSSSSSHHHH,True,3,9350.0,9535.0,185.0
529,HSSSSHSSSS,True,3,9350.0,9535.0,185.0
530,HSSSSHSSSH,True,3,9350.0,9535.0,185.0
531,HSSSSHSSHS,True,3,9350.0,9535.0,185.0
532,HSSSSHSSHH,True,3,9350.0,9535.0,185.0
533,HSSSSHSHSS,True,3,9350.0,9535.0,185.0
534,HSSSSHSHSH,True,3,9350.0,9535.0,185.0
535,HSSSSHSHHS,True,3,9350.0,9535.0,185.0
536,HSSSSHSHHH,True,3,9350.0,9535.0,185.0
537,HSSSSHHSSS,True,3,9350.0,9535.0,185.0
538,HSSSSHHSSH,True,3,9350.0,9535.0,185.0
539,HSSSSHHSHS,True,3,9350.0,9535.0,185.0
540,HSSSSHHSHH,True,3,9350.0,9535.0,185.0
541,HSSSSHHHSS,True,3,9350.0,9535.0,185.0
542,HSSSSHHHSH,True,3,9350.0,9535.0,185.0
543,HSSSSHHHHS,True,3,9350.0,9535.0,185.0
544,HSSSSHHHHH,True,3,9350.0,9535.0,185.0
545,HSSSHSSSSS,True,3,9350.0,9535.0,185.0
546,HSSSHSSSSH,True,3,9350.0,9535.0,185.0
547,HSSSHSSSHS,True,3,9350.0,9535.0,185.0
548,HSSSHSSSHH,True,3,9350.0,9535.0,185.0
549,HSSSHSSHSS,True,3,9350.0,9535.0,185.0
550,HSSSHSSHSH,True,3,9350.0,9535.0,185.0
551,HSSSHSSHHS,True,3,9350.0,9535.0,185.0
552,HSSSHSSHHH,True,3,9350.0,9535.0,185.0
553,HSSSHSHSSS,True,3,9350.0,9535.0,185.0
554,HSSSHSHSSH,True,3,9350.0,9535.0,185.0
555,HSSSHSHSHS,True,3,9350.0,9535.0,185.0
556,HSSSHSHSHH,True,3,9350.0,9535.0,185.0
557,HSSSHSHHSS,True,3,9350.0,9535.0,185.0
558,HSSSHSHHSH,True,3,9350.0,9535.0,185.0
559,HSSSHSHHHS,True,3,9350.0,9535.0,185.0
560,HSSSHSHHHH,True,3,9350.0,9535.0,185.0
561,HSSSHHSSSS,True,3,9350.0,9535.0,185.0
562,HSSSHHSSSH,True,3,9350.0,9535.0,185.0
563,HSSSHHSSHS,True,3,9350.0,9535.0,185.0
564,HSSSHHSSHH,True,3,9350.0,9535.0,185.0
565,HSSSHHSHSS,True,3,9350.0,9535.0,185.0
566,HSSSHHSHSH,True,3,9350.0,9535.0,185.0
567,HSSSHHSHHS,True,3,9350.0,9535.0,185.0
568,HSSSHHSHHH,True,3,9350.0,9535.0,185.0
569,HSSSHHHSSS,True,3,9350.0,9535.0,185.0
570,HSSSHHHSSH,True,3,9350.0,9535.0,185.0
571,HSSSHHHSHS,True,3,9350.0,9535.0,185.0
572,HSSSHHHSHH,True,3,9350.0,9535.0,185.0
573,HSSSHHHHSS,True,3,9350.0,9535.0,185.0
574,HSSSHHHHSH,True,3,9350.0,9535.0,185.0
575,HSSSHHHHHS,True,3,9350.0,9535.0,185.0
576,HSSSHHHHHH,True,3,9350.0,9535.0,185.0
577,HSSHSSSSSS,True,3,9350.0,9510.0,160.0
578,HSSHSSSSSH,True,3,9350.0,9510.0,160.0
579,HSSHSSSSHS,True,3,9350.0,9510.0,160.0
580,HSSHSSSSHH,True,3,9350.0,9510.0,160.0
581,HSSHSSSHSS,True,3,9350.0,9510.0,160.0
582,HSSHSSSHSH,True,3,9350.0,9510.0,160.0
583,HSSHSSSHHS,True,3,9350.0,9510.0,160.0
584,HSSHSSSHHH,True,3,9350.0,9510.0,160.0
585,HSSHSSHSSS,True,3,9350.0,9510.0,160.0
586,HSSHSSHSSH,True,3,9350.0,9510.0,160.0
587,HSSHSSHSHS,True,3,9350.0,9510.0,160.0
588,HSSHSSHSHH,True,3,9350.0,9510.0,160.0
589,HSSHSSHHSS,True,3,9350.0,9510.0,160.0
590,HSSHSSHHSH,True,3,9350.0,9510.0,160.0
591,HSSHSSHHHS,True,3,9350.0,9510.0,160.0
592,HSSHSSHHHH,True,3,9350.0,9510.0,160.0
593,HSSHSHSSSS,True,3,9350.0,9510.0,160.0
594,HSSHSHSSSH,True,3,9350.0,9510.0,160.0
595,HSSHSHSSHS,True,3,9350.0,9510.0,160.0
596,HSSHSHSSHH,True,3,9350.0,9510.0,160.0
597,HSSHSHSHSS,True,3,9350.0,9510.0,160.0
598,HSSHSHSHSH,True,3,9350.0,9510.0,160.0
599,HSSHSHSHHS,True,3,9350.0,9510.0,160.0
600,HSSHSHSHHH,True,3,9350.0,9510.0,160.0
601,HSSHSHHSSS,True,3,9350.0,9510.0,160.0
602,HSSHSHHSSH,True,3,9350.0,9510.0,160.0
603,HSSHSHHSHS,True,3,9350.0,9510.0,160.0
604,HSSHSHHSHH,True,3,9350.0,9510.0,160.0
605,HSSHSHHHSS,True,3,9350.0,9510.0,160.0
606,HSSHSHHHSH,True,3,9350.0,9510.0,160.0
607,HSSHSHHHHS,True,3,9350.0,9510.0,160.0
608,HSSHSHHHHH,True,3,9350.0,9510.0,160.0
609,HSSHHSSSSS,True,3,9350.0,9510.0,160.0
610,HSSHHSSSSH,True,3,9350.0,9510.0,160.0
611,HSSHHSSSHS,True,3,9350.0,9510.0,160.0
612,HSSHHSSSHH,True,3,9350.0,9510.0,160.0
613,HSSHHSSHSS,True,3,9350.0,9510.0,160.0
614,HSSHHSSHSH,True,3,9350.0,9510.0,160.0
615,HSSHHSSHHS,True,3,9350.0,9510.0,160.0
616,HSSHHSSHHH,True,3,9350.0,9510.0,160.0
617,HSSHHSHSSS,True,3,9350.0,9510.0,160.0
618,HSSHHSHSSH,True,3,9350.0,9510.0,160.0
619,HSSHHSHSHS,True,3,9350.0,9510.0,160.0
620,HSSHHSHSHH,True,3,9350.0,9510.0,160.0
621,HSSHHSHHSS,True,3,9350.0,9510.0,160.0
622,HSSHHSHHSH,True,3,9350.0,9510.0,160.0
623,HSSHHSHHHS,True,3,9350.0,9510.0,160.0
624,HSSHHSHHHH,True,3,9350.0,9510.0,160.0
625,HSSHHHSSSS,True,3,9350.0,9510.0,160.0
626,HSSHHHSSSH,True,3,9350.0,9510.0,160.0
627,HSSHHHSSHS,True,3,9350.0,9510.0,160.0
628,HSSHHHSSHH,True,3,9350.0,9510.0,160.0
629,HSSHHHSHSS,True,3,9350.0,9510.0,160.0
630,HSSHHHSHSH,True,3,9350.0,9510.0,160.0
631,HSSHHHSHHS,True,3,9350.0,9510.0,160.0
632,HSSHHHSHHH,True,3,9350.0,9510.0,160.0
633,HSSHHHHSSS,True,3,9350.0,9510.0,160.0
634,HSSHHHHSSH,True,3,9350.0,9510.0,160.0
635,HSSHHHHSHS,True,3,9350.0,9510.0,160.0
636,HSSHHHHSHH,True,3,9350.0,9510.0,160.0
637,HSSHHHHHSS,True,3,9350.0,9510.0,160.0
638,HSSHHHHHSH,True,3,9350.0,9510.0,160.0
639,HSSHHHHHHS,True,3,9350.0,9510.0,160.0
640,HSSHHHHHHH,True,3,9350.0,9510.0,160.0
641,HSHSSSSSSS,True,3,9270.0,9400.0,130.0
642,HSHSSSSSSH,True,3,9270.0,9400.0,130.0
643,HSHSSSSSHS,True,3,9270.0,9400.0,130.0
644,HSHSSSSSHH,True,3,9270.0,9400.0,130.0
645,HSHSSSSHSS,True,3,9270.0,9400.0,130.0
646,HSHSSSSHSH,True,3,9270.0,9400.0,130.0
647,HSHSSSSHHS,True,3,9270.0,9400.0,130.0
648,HSHSSSSHHH,True,3,9270.0,9400.0,130.0
649,HSHSSSHSSS,True,3,9270.0,9400.0,130.0
650,HSHSSSHSSH,True,3,9270.0,9400.0,130.0
651,HSHSSSHSHS,True,3,9270.0,9400.0,130.0
652,HSHSSSHSHH,True,3,9270.0,9400.0,130.0
653,HSHSSSHHSS,True,3,9270.0,9400.0,130.0
654,HSHSSSHHSH,True,3,9270.0,9400.0,130.0
655,HSHSSSHHHS,True,3,9270.0,9400.0,130.0
656,HSHSSSHHHH,True,3,9270.0,9400.0,130.0
657,HSHSSHSSSS,True,3,9270.0,9400.0,130.0
658,HSHSSHSSSH,True,3,9270.0,9400.0,130.0
659,HSHSSHSSHS,True,3,9270.0,9400.0,130.0
660,HSHSSHSSHH,True,3,9270.0,9400.0,130.0
661,HSHSSHSHSS,True,3,9270.0,9400.0,130.0
662,HSHSSHSHSH,True,3,9270.0,9400.0,130.0
663,HSHSSHSHHS,True,3,9270.0,9400.0,130.0
664,HSHSSHSHHH,True,3,9270.0,9400.0,130.0
665,HSHSSHHSSS,True,3,9270.0,9400.0,130.0
666,HSHSSHHSSH,True,3,9270.0,9400.0,130.0
667,HSHSSHHSHS,True,3,9270.0,9400.0,130.0
668,HSHSSHHSHH,True,3,9270.0,9400.0,130.0
669,HSHSSHHHSS,True,3,9270.0,9400.0,130.0
670,HSHSSHHHSH,True,3,9270.0,9400.0,130.0
671,HSHSSHHHHS,True,3,9270.0,9400.0,130.0
672,HSHSSHHHHH,True,3,9270.0,9400.0,130.0
673,HSHSHSSSSS,True,3,9270.0,9375.0,105.0
674,HSHSHSSSSH,True,3,9270.0,9375.0,105.0
675,HSHSHSSSHS,True,3,9270.0,9375.0,105.0
676,HSHSHSSSHH,True,3,9270.0,9375.0,105.0
677,HSHSHSSHSS,True,3,9270.0,9375.0,105.0
678,HSHSHSSHSH,True,3,9270.0,9375.0,105.0
679,HSHSHSSHHS,True,3,9270.0,9375.0,105.0
680,HSHSHSSHHH,True,3,9270.0,9375.0,105.0
681,HSHSHSHSSS,True,3,9270.0,9375.0,105.0
682,HSHSHSHSSH,True,3,9270.0,9375.0,105.0
683,HSHSHSHSHS,True,3,9270.0,9375.0,105.0
684,HSHSHSHSHH,True,3,9270.0,9375.0,105.0
685,HSHSHSHHSS,True,3,9270.0,9375.0,105.0
686,HSHSHSHHSH,True,3,9270.0,9375.0,105.0
687,HSHSHSHHHS,True,3,9270.0,9375.0,105.0
688,HSHSHSHHHH,True,3,9270.0,9375.0,105.0
689,HSHSHHSSSS,True,3,9270.0,9375.0,105.0
690,HSHSHHSSSH,True,3,9270.0,9375.0,105.0
691,HSHSHHSSHS,True,3,9270.0,9375.0,105.0
692,HSHSHHSSHH,True,3,9270.0,9375.0,105.0
693,HSHSHHSHSS,True,3,9270.0,9375.0,105.0
694,HSHSHHSHSH,True,3,9270.0,9375.0,105.0
695,HSHSHHSHHS,True,3,9270.0,9375.0,105.0
696,HSHSHHSHHH,True,3,9270.0,9375.0,105.0
697,HSHSHHHSSS,True,3,9270.0,9375.0,105.0
698,HSHSHHHSSH,True,3,9270.0,9375.0,105.0
699,HSHSHHHSHS,True,3,9270.0,9375.0,105.0
700,HSHSHHHSHH,True,3,9270.0,9375.0,105.0
701,HSHSHHHHSS,True,3,9270.0,9375.0,105.0
702,HSHSHHHHSH,True,3,9270.0,9375.0,105.0
703,HSHSHHHHHS,True,3,9270.0,9375.0,105.0
704,HSHSHHHHHH,True,3,9270.0,9375.0,105.0
705,HSHHSSSSSS,True,3,9270.0,9350.0,80.0
706,HSHHSSSSSH,True,3,9270.0,9350.0,80.0
707,HSHHSSSSHS,True,3,9270.0,9350.0,80.0
708,HSHHSSSSHH,True,3,9270.0,9350.0,80.0
709,HSHHSSSHSS,True,3,9270.0,9350.0,80.0
710,HSHHSSSHSH,True,3,9270.0,9350.0,80.0
711,HSHHSSSHHS,True,3,9270.0,9350.0,80.0
712,HSHHSSSHHH,True,3,9270.0,9350.0,80.0
713,HSHHSSHSSS,True,3,9270.0,9350.0,80.0
714,HSHHSSHSSH,True,3,9270.0,9350.0,80.0
715,HSHHSSHSHS,True,3,9270.0,9350.0,80.0
716,HSHHSSHSHH,True,3,9270.0,9350.0,80.0
717,HSHHSSHHSS,True,3,9270.0,9350.0,80.0
718,HSHHSSHHSH,True,3,9270.0,9350.0,80.0
719,HSHHSSHHHS,True,3,9270.0,9350.0,80.0
720,HSHHSSHHHH,True,3,9270.0,9350.0,80.0
721,HSHHSHSSSS,True,3,9270.0,9350.0,80.0
722,HSHHSHSSSH,True,3,9270.0,9350.0,80.0
723,HSHHSHSSHS,True,3,9270.0,9350.0,80.0
724,HSHHSHSSHH,True,3,9270.0,9350.0,80.0
725,HSHHSHSHSS,True,3,9270.0,9350.0,80.0
726,HSHHSHSHSH,True,3,9270.0,9350.0,80.0
727,HSHHSHSHHS,True,3,9270.0,9350.0,80.0
728,HSHHSHSHHH,True,3,9270.0,9350.0,80.0
729,HSHHSHHSSS,True,3,9270.0,9350.0,80.0
730,HSHHSHHSSH,True,3,9270.0,9350.0,80.0
731,HSHHSHHSHS,True,3,9270.0,9350.0,80.0
732,HSHHSHHSHH,True,3,9270.0,9350.0,80.0
733,HSHHSHHHSS,True,3,9270.0,9350.0,80.0
734,HSHHSHHHSH,True,3,9270.0,9350.0,80.0
735,HSHHSHHHHS,True,3,9270.0,9350.0,80.0
736,HSHHSHHHHH,True,3,9270.0,9350.0,80.0
737,HSHHHSSSSS,True,3,9270.0,9350.0,80.0
738,HSHHHSSSSH,True,3,9270.0,9350.0,80.0
739,HSHHHSSSHS,True,3,9270.0,9350.0,80.0
740,HSHHHSSSHH,True,3,9270.0,9350.0,80.0
741,HSHHHSSHSS,True,3,9270.0,9350.0,80.0
742,HSHHHSSHSH,True,3,9270.0,9350.0,80.0
743,HSHHHSSHHS,True,3,9270.0,9350.0,80.0
744,HSHHHSSHHH,True,3,9270.0,9350.0,80.0
745,HSHHHSHSSS,True,3,9270.0,9350.0,80.0
746,HSHHHSHSSH,True,3,9270.0,9350.0,80.0
747,HSHHHSHSHS,True,3,9270.0,9350.0,80.0
748,HSHHHSHSHH,True,3,9270.0,9350.0,80.0
749,HSHHHSHHSS,True,3,9270.0,9350.0,80.0
750,HSHHHSHHSH,True,3,9270.0,9350.0,80.0
751,HSHHHSHHHS,True,3,9270.0,9350.0,80.0
752,HSHHHSHHHH,True,3,9270.0,9350.0,80.0
753,HSHHHHSSSS,True,3,9270.0,9350.0,80.0
754,HSHHHHSSSH,True,3,9270.0,9350.0,80.0
755,HSHHHHSSHS,True,3,9270.0,9350.0,80.0
756,HSHHHHSSHH,True,3,9270.0,9350.0,80.0
757,HSHHHHSHSS,True,3,9270.0,9350.0,80.0
758,HSHHHHSHSH,True,3,9270.0,9350.0,80.0
759,HSHHHHSHHS,True,3,9270.0,9350.0,80.0
760,HSHHHHSHHH,True,3,9270.0,9350.0,80.0
761,HSHHHHHSSS,True,3,9270.0,9350.0,80.0
762,HSHHHHHSSH,True,3,9270.0,9350.0,80.0
763,HSHHHHHSHS,True,3,9270.0,9350.0,80.0
764,HSHHHHHSHH,True,3,9270.0,9350.0,80.0
765,HSHHHHHHSS,True,3,9270.0,9350.0,80.0
766,HSHHHHHHSH,True,3,9270.0,9350.0,80.0
767,HSHHHHHHHS,True,3,9270.0,9350.0,80.0
768,HSHHHHHHHH,True,3,9270.0,9350.0,80.0
769,HHSSSSSSSS,True,3,9270.0,9400.0,130.0
770,HHSSSSSSSH,True,3,9270.0,9400.0,130.0
771,HHSSSSSSHS,True,3,9270.0,9400.0,130.0
772,HHSSSSSSHH,True,3,9270.0,9400.0,130.0
773,HHSSSSSHSS,True,3,9270.0,9400.0,130.0
774,HHSSSSSHSH,True,3,9270.0,9400.0,130.0
775,HHSSSSSHHS,True,3,9270.0,9400.0,130.0
776,HHSSSSSHHH,True,3,9270.0,9400.0,130.0
777,HHSSSSHSSS,True,3,9270.0,9400.0,130.0
778,HHSSSSHSSH,True,3,9270.0,9400.0,130.0
779,HHSSSSHSHS,True,3,9270.0,9400.0,130.0
780,HHSSSSHSHH,True,3,9270.0,9400.0,130.0
781,HHSSSSHHSS,True,3,9270.0,9400.0,130.0
782,HHSSSSHHSH,True,3,9270.0,9400.0,130.0
783,HHSSSSHHHS,True,3,9270.0,9400.0,130.0
784,HHSSSSHHHH,True,3,9270.0,9400.0,130.0
785,HHSSSHSSSS,True,3,9270.0,9400.0,130.0
786,HHSSSHSSSH,True,3,9270.0,9400.0,130.0
787,HHSSSHSSHS,True,3,9270.0,9400.0,130.0
788,HHSSSHSSHH,True,3,9270.0,9400.0,130.0
789,HHSSSHSHSS,True,3,9270.0,9400.0,130.0
790,HHSSSHSHSH,True,3,9270.0,9400.0,130.0
791,HHSSSHSHHS,True,3,9270.0,9400.0,130.0
792,HHSSSHSHHH,True,3,9270.0,9400.0,130.0
793,HHSSSHHSSS,True,3,9270.0,9400.0,130.0
794,HHSSSHHSSH,True,3,9270.0,9400.0,130.0
795,HHSSSHHSHS,True,3,9270.0,9400.0,130.0
796,HHSSSHHSHH,True,3,9270.0,9400.0,130.0
797,HHSSSHHHSS,True,3,9270.0,9400.0,130.0
798,HHSSSHHHSH,True,3,9270.0,9400.0,130.0
799,HHSSSHHHHS,True,3,9270.0,9400.0,130.0
800,HHSSSHHHHH,True,3,9270.0,9400.0,130.0
801,HHSSHSSSSS,True,3,9270.0,9375.0,105.0
802,HHSSHSSSSH,True,3,9270.0,9375.0,105.0
803,HHSSHSSSHS,True,3,9270.0,9375.0,105.0
804,HHSSHSSSHH,True,3,9270.0,9375.0,105.0
805,HHSSHSSHSS,True,3,9270.0,9375.0,105.0
806,HHSSHSSHSH,True,3,9270.0,9375.0,105.0
807,HHSSHSSHHS,True,3,9270.0,9375.0,105.0
808,HHSSHSSHHH,True,3,9270.0,9375.0,105.0
809,HHSSHSHSSS,True,3,9270.0,9375.0,105.0
810,HHSSHSHSSH,True,3,9270.0,9375.0,105.0
811,HHSSHSHSHS,True,3,9270.0,9375.0,105.0
812,HHSSHSHSHH,True,3,9270.0,9375.0,105.0
813,HHSSHSHHSS,True,3,9270.0,9375.0,105.0
814,HHSSHSHHSH,True,3,9270.0,9375.0,105.0
815,HHSSHSHHHS,True,3,9270.0,9375.0,105.0
816,HHSSHSHHHH,True,3,9270.0,9375.0,105.0
817,HHSSHHSSSS,True,3,9270.0,9375.0,105.0
818,HHSSHHSSSH,True,3,9270.0,9375.0,105.0
819,HHSSHHSSHS,True,3,9270.0,9375.0,105.0
820,HHSSHHSSHH,True,3,9270.0,9375.0,105.0
821,HHSSHHSHSS,True,3,9270.0,9375.0,105.0
822,HHSSHHSHSH,True,3,9270.0,9375.0,105.0
823,HHSSHHSHHS,True,3,9270.0,9375.0,105.0
824,HHSSHHSHHH,True,3,9270.0,9375.0,105.0
825,HHSSHHHSSS,True,3,9270.0,9375.0,105.0
826,HHSSHHHSSH,True,3,9270.0,9375.0,105.0
827,HHSSHHHSHS,True,3,9270.0,9375.0,105.0
828,HHSSHHHSHH,True,3,9270.0,9375.0,105.0
829,HHSSHHHHSS,True,3,9270.0,9375.0,105.0
830,HHSSHHHHSH,True,3,9270.0,9375.0,105.0
831,HHSSHHHHHS,True,3,9270.0,9375.0,105.0
832,HHSSHHHHHH,True,3,9270.0,9375.0,105.0
833,HHSHSSSSSS,True,3,9270.0,9350.0,80.0
834,HHSHSSSSSH,True,3,9270.0,9350.0,80.0
835,HHSHSSSSHS,True,3,9270.0,9350.0,80.0
836,HHSHSSSSHH,True,3,9270.0,9350.0,80.0
837,HHSHSSSHSS,True,3,9270.0,9350.0,80.0
838,HHSHSSSHSH,True,3,9270.0,9350.0,80.0
839,HHSHSSSHHS,True,3,9270.0,9350.0,80.0
840,HHSHSSSHHH,True,3,9270.0,9350.0,80.0
841,HHSHSSHSSS,True,3,9270.0,9350.0,80.0
842,HHSHSSHSSH,True,3,9270.0,9350.0,80.0
843,HHSHSSHSHS,True,3,9270.0,9350.0,80.0
844,HHSHSSHSHH,True,3,9270.0,9350.0,80.0
845,HHSHSSHHSS,True,3,9270.0,9350.0,80.0
846,HHSHSSHHSH,True,3,9270.0,9350.0,80.0
847,HHSHSSHHHS,True,3,9270.0,9350.0,80.0
848,HHSHSSHHHH,True,3,9270.0,9350.0,80.0
849,HHSHSHSSSS,True,3,9270.0,9350.0,80.0
850,HHSHSHSSSH,True,3,9270.0,9350.0,80.0
851,HHSHSHSSHS,True,3,9270.0,9350.0,80.0
852,HHSHSHSSHH,True,3,9270.0,9350.0,80.0
853,HHSHSHSHSS,True,3,9270.0,9350.0,80.0
854,HHSHSHSHSH,True,3,9270.0,9350.0,80.0
855,HHSHSHSHHS,True,3,9270.0,9350.0,80.0
856,HHSHSHSHHH,True,3,9270.0,9350.0,80.0
857,HHSHSHHSSS,True,3,9270.0,9350.0,80.0
858,HHSHSHHSSH,True,3,9270.0,9350.0,80.0
859,HHSHSHHSHS,True,3,9270.0,9350.0,80.0
860,HHSHSHHSHH,True,3,9270.0,9350.0,80.0
861,HHSHSHHHSS,True,3,9270.0,9350.0,80.0
862,HHSHSHHHSH,True,3,9270.0,9350.0,80.0
863,HHSHSHHHHS,True,3,9270.0,9350.0,80.0
864,HHSHSHHHHH,True,3,9270.0,9350.0,80.0
865,HHSHHSSSSS,True,3,9270.0,9350.0,80.0
866,HHSHHSSSSH,True,3,9270.0,9350.0,80.0
867,HHSHHSSSHS,True,3,9270.0,9350.0,80.0
868,HHSHHSSSHH,True,3,9270.0,9350.0,80.0
869,HHSHHSSHSS,True,3,9270.0,9350.0,80.0
870,HHSHHSSHSH,True,3,9270.0,9350.0,80.0
871,HHSHHSSHHS,True,3,9270.0,9350.0,80.0
872,HHSHHSSHHH,True,3,9270.0,9350.0,80.0
873,HHSHHSHSSS,True,3,9270.0,9350.0,80.0
874,HHSHHSHSSH,True,3,9270.0,9350.0,80.0
875,HHSHHSHSHS,True,3,9270.0,9350.0,80.0
876,HHSHHSHSHH,True,3,9270.0,9350.0,80.0
877,HHSHHSHHSS,True,3,9270.0,9350.0,80.0
878,HHSHHSHHSH,True,3,9270.0,9350.0,80.0
879,HHSHHSHHHS,True,3,9270.0,9350.0,80.0
880,HHSHHSHHHH,True,3,9270.0,9350.0,80.0
881,HHSHHHSSSS,True,3,9270.0,9350.0,80.0
882,HHSHHHSSSH,True,3,9270.0,9350.0,80.0
883,HHSHHHSSHS,True,3,9270.0,9350.0,80.0
884,HHSHHHSSHH,True,3,9270.0,9350.0,80.0
885,HHSHHHSHSS,True,3,9270.0,9350.0,80.0
886,HHSHHHSHSH,True,3,9270.0,9350.0,80.0
887,HHSHHHSHHS,True,3,9270.0,9350.0,80.0
888,HHSHHHSHHH,True,3,9270.0,9350.0,80.0
889,HHSHHHHSSS,True,3,9270.0,9350.0,80.0
890,HHSHHHHSSH,True,3,9270.0,9350.0,80.0
891,HHSHHHHSHS,True,3,9270.0,9350.0,80.0
892,HHSHHHHSHH,True,3,9270.0,9350.0,80.0
893,HHSHHHHHSS,True,3,9270.0,9350.0,80.0
894,HHSHHHHHSH,True,3,9270.0,9350.0,80.0
895,HHSHHHHHHS,True,3,9270.0,9350.0,80.0
896,HHSHHHHHHH,True,3,9270.0,9350.0,80.0
897,HHHSSSSSSS,True,3,9190.0,9265.0,75.0
898,HHHSSSSSSH,True,3,9190.0,9265.0,75.0
899,HHHSSSSSHS,True,3,9190.0,9265.0,75.0
900,HHHSSSSSHH,True,3,9190.0,9265.0,75.0
901,HHHSSSSHSS,True,3,9190.0,9265.0,75.0
902,HHHSSSSHSH,True,3,9190.0,9265.0,75.0
903,HHHSSSSHHS,True,3,9190.0,9265.0,75.0
904,HHHSSSSHHH,True,3,9190.0,9265.0,75.0
905,HHHSSSHSSS,True,3,9190.0,9265.0,75.0
906,HHHSSSHSSH,True,3,9190.0,9265.0,75.0
907,HHHSSSHSHS,True,3,9190.0,9265.0,75.0
908,HHHSSSHSHH,True,3,9190.0,9265.0,75.0
909,HHHSSSHHSS,True,3,9190.0,9265.0,75.0
910,HHHSSSHHSH,True,3,9190.0,9265.0,75.0
911,HHHSSSHHHS,True,3,9190.0,9265.0,75.0
912,HHHSSSHHHH,True,3,9190.0,9265.0,75.0
913,HHHSSHSSSS,True,3,9190.0,9240.0,50.0
914,HHHSSHSSSH,True,3,9190.0,9240.0,50.0
915,HHHSSHSSHS,True,3,9190.0,9240.0,50.0
916,HHHSSHSSHH,True,3,9190.0,9240.0,50.0
917,HHHSSHSHSS,True,3,9190.0,9240.0,50.0
918,HHHSSHSHSH,True,3,9190.0,9240.0,50.0
919,HHHSSHSHHS,True,3,9190.0,9240.0,50.0
920,HHHSSHSHHH,True,3,9190.0,9240.0,50.0
921,HHHSSHHSSS,True,3,9190.0,9240.0,50.0
922,HHHSSHHSSH,True,3,9190.0,9240.0,50.0
923,HHHSSHHSHS,True,3,9190.0,9240.0,50.0
924,HHHSSHHSHH,True,3,9190.0,9240.0,50.0
925,HHHSSHHHSS,True,3,9190.0,9240.0,50.0
926,HHHSSHHHSH,True,3,9190.0,9240.0,50.0
927,HHHSSHHHHS,True,3,9190.0,9240.0,50.0
928,HHHSSHHHHH,True,3,9190.0,9240.0,50.0
929,HHHSHSSSSS,True,3,9190.0,9215.0,25.0
930,HHHSHSSSSH,True,3,9190.0,9215.0,25.0
931,HHHSHSSSHS,True,3,9190.0,9215.0,25.0
932,HHHSHSSSHH,True,3,9190.0,9215.0,25.0
933,HHHSHSSHSS,True,3,9190.0,9215.0,25.0
934,HHHSHSSHSH,True,3,9190.0,9215.0,25.0
935,HHHSHSSHHS,True,3,9190.0,9215.0,25.0
936,HHHSHSSHHH,True,3,9190.0,9215.0,25.0
937,HHHSHSHSSS,True,3,9190.0,9215.0,25.0
938,HHHSHSHSSH,True,3,9190.0,9215.0,25.0
939,HHHSHSHSHS,True,3,9190.0,9215.0,25.0
940,HHHSHSHSHH,True,3,9190.0,9215.0,25.0
941,HHHSHSHHSS,True,3,9190.0,9215.0,25.0
942,HHHSHSHHSH,True,3,9190.0,9215.0,25.0
943,HHHSHSHHHS,True,3,9190.0,9215.0,25.0
944,HHHSHSHHHH,True,3,9190.0,9215.0,25.0
945,HHHSHHSSSS,True,3,9190.0,9215.0,25.0
946,HHHSHHSSSH,True,3,9190.0,9215.0,25.0
947,HHHSHHSSHS,True,3,9190.0,9215.0,25.0
948,HHHSHHSSHH,True,3,9190.0,9215.0,25.0
949,HHHSHHSHSS,True,3,9190.0,9215.0,25.0
950,HHHSHHSHSH,True,3,9190.0,9215.0,25.0
951,HHHSHHSHHS,True,3,9190.0,9215.0,25.0
952,HHHSHHSHHH,True,3,9190.0,9215.0,25.0
953,HHHSHHHSSS,True,3,9190.0,9215.0,25.0
954,HHHSHHHSSH,True,3,9190.0,9215.0,25.0
955,HHHSHHHSHS,True,3,9190.0,9215.0,25.0
956,HHHSHHHSHH,True,3,9190.0,9215.0,25.0
957,HHHSHHHHSS,True,3,9190.0,9215.0,25.0
958,HHHSHHHHSH,True,3,9190.0,9215.0,25.0
959,HHHSHHHHHS,True,3,9190.0,9215.0,25.0
960,HHHSHHHHHH,True,3,9190.0,9215.0,25.0
961,HHHHSSSSSS,True,3,9190.0,9190.0,0.0
962,HHHHSSSSSH,True,3,9190.0,9190.0,0.0
963,HHHHSSSSHS,True,3,9190.0,9190.0,0.0
964,HHHHSSSSHH,True,3,9190.0,9190.0,0.0
965,HHHHSSSHSS,True,3,9190.0,9190.0,0.0
966,HHHHSSSHSH,True,3,9190.0,9190.0,0.0
967,HHHHSSSHHS,True,3,9190.0,9190.0,0.0
968,HHHHSSSHHH,True,3,9190.0,9190.0,0.0
969,HHHHSSHSSS,True,3,9190.0,9190.0,0.0
970,HHHHSSHSSH,True,3,9190.0,9190.0,0.0
971,HHHHSSHSHS,True,3,9190.0,9190.0,0.0
972,HHHHSSHSHH,True,3,9190.0,9190.0,0.0
973,HHHHSSHHSS,True,3,9190.0,9190.0,0.0
974,HHHHSSHHSH,True,3,9190.0,9190.0,0.0
975,HHHHSSHHHS,True,3,9190.0,9190.0,0.0
976,HHHHSSHHHH,True,3,9190.0,9190.0,0.0
977,HHHHSHSSSS,True,3,9190.0,9190.0,0.0
978,HHHHSHSSSH,True,3,9190.0,9190.0,0.0
979,HHHHSHSSHS,True,3,9190.0,9190.0,0.0
980,HHHHSHSSHH,True,3,9190.0,9190.0,0.0
981,HHHHSHSHSS,True,3,9190.0,9190.0,0.0
982,HHHHSHSHSH,True,3,9190.0,9190.0,0.0
983,HHHHSHSHHS,True,3,9190.0,9190.0,0.0
984,HHHHSHSHHH,True,3,9190.0,9190.0,0.0
985,HHHHSHHSSS,True,3,9190.0,9190.0,0.0
986,HHHHSHHSSH,True,3,9190.0,9190.0,0.0
987,HHHHSHHSHS,True,3,9190.0,9190.0,0.0
988,HHHHSHHSHH,True,3,9190.0,9190.0,0.0
989,HHHHSHHHSS,True,3,9190.0,9190.0,0.0
990,HHHHSHHHSH,True,3,9190.0,9190.0,0.0
991,HHHHSHHHHS,True,3,9190.0,9190.0,0.0
992,HHHHSHHHHH,True,3,9190.0,9190.0,0.0
993,HHHHHSSSSS,True,3,9190.0,9190.0,0.0
994,HHHHHSSSSH,True,3,9190.0,9190.0,0.0
995,HHHHHSSSHS,True,3,9190.0,9190.0,0.0
996,HHHHHSSSHH,True,3,9190.0,9190.0,0.0
997,HHHHHSSHSS,True,3,9190.0,9190.0,0.0
998,HHHHHSSHSH,True,3,9190.0,9190.0,0.0
999,HHHHHSSHHS,True,3,9190.0,9190.0,0.0
1000,HHHHHSSHHH,True,3,9190.0,9190.0,0.0
1001,HHHHHSHSSS,True,3,9190.0,9190.0,0.0
1002,HHHHHSHSSH,True,3,9190.0,9190.0,0.0
1003,HHHHHSHSHS,True,3,9190.0,9190.0,0.0
1004,HHHHHSHSHH,True,3,9190.0,9190.0,0.0
1005,HHHHHSHHSS,True,3,9190.0,9190.0,0.0
1006,HHHHHSHHSH,True,3,9190.0,9190.0,0.0
1007,HHHHHSHHHS,True,3,9190.0,9190.0,0.0
1008,HHHHHSHHHH,True,3,9190.0,9190.0,0.0
1009,HHHHHHSSSS,True,3,9190.0,9190.0,0.0
1010,HHHHHHSSSH,True,3,9190.0,9190.0,0.0
1011,HHHHHHSSHS,True,3,9190.0,9190.0,0.0
1012,HHHHHHSSHH,True,3,9190.0,9190.0,0.0
1013,HHHHHHSHSS,True,3,9190.0,9190.0,0.0
1014,HHHHHHSHSH,True,3,9190.0,9190.0,0.0
1015,HHHHHHSHHS,True,3,9190.0,9190.0,0.0
1016,HHHHHHSHHH,True,3,9190.0,9190.0,0.0
1017,HHHHHHHSSS,True,3,9190.0,9190.0,0.0
1018,HHHHHHHSSH,True,3,9190.0,9190.0,0.0
1019,HHHHHHHSHS,True,3,9190.0,9190.0,0.0
1020,HHHHHHHSHH,True,3,9190.0,9190.0,0.0
1021,HHHHHHHHSS,True,3,9190.0,9190.0,0.0
1022,HHHHHHHHSH,True,3,9190.0,9190.0,0.0
1023,HHHHHHHHHS,True,3,9190.0,9190.0,0.0
1024,HHHHHHHHHH,True,3,9190.0,9190.0,0.0
